,SMILES,mu,alpha,homo,lumo,gap,r2,zpve,U0,U,H,G,Cv
QM9[67509],C[C@]12[C@H]3N[C@H]3[C@H]1N2C=O,5.2798,73.82,-0.2305,0.0309,0.2614,1008.3326,0.134871,-417.927046,-417.919185,-417.918241,-417.959154,30.387
QM9[108872],CCC1=C[C@@H](O)CCC1,1.9575,88.79,-0.2327,0.0181,0.2508,1477.7566,0.206613,-388.317515,-388.307953,-388.307009,-388.351988,36.567
QM9[60194],C#C[C@@H]1CN1C[C@@H](C)O,1.7782,82.7,-0.2277,0.0345,0.2622,1483.6619,0.16791,-403.079304,-403.069239,-403.068294,-403.114534,37.3
QM9[49022],O=C[C@]12CO[C@H]1[C@H]1N[C@H]12,1.115,68.75,-0.2427,-0.0371,0.2056,969.9114,0.124251,-437.80444,-437.797236,-437.796292,-437.836208,27.782
QM9[32264],COc1nccnc1O,0.4965,72.96,-0.2233,-0.0311,0.1923,1095.1801,0.114176,-454.00044,-453.992783,-453.991839,-454.03274,28.465
QM9[123635],c1n[nH]c2c1C[C@H]1N[C@@H]21,3.5188,74.32,-0.2209,0.0204,0.2413,982.7377,0.129493,-396.919708,-396.913409,-396.912465,-396.950245,25.755
QM9[34924],N#C[C@H]1[C@H]2O[C@H]2[C@H]2CN12,4.7027,67.73,-0.2522,0.0179,0.2701,928.2492,0.114168,-416.766402,-416.759599,-416.758654,-416.797719,26.485
QM9[107808],CC[C@]12C=C[C@@H]3[C@H](C1)N32,1.5404,82.15,-0.2114,0.006,0.2174,1066.2873,0.17221,-365.979394,-365.971708,-365.970764,-366.011322,31.112
QM9[42372],N#CCC(=O)C[C@H]1CN1,6.0532,73.86,-0.2674,-0.0425,0.2248,1512.4141,0.134903,-418.003162,-417.993946,-417.993001,-418.03868,32.155
QM9[6595],C#C[C@]12C[C@](O)(C1)C2,1.2893,72.77,-0.2504,0.0456,0.2961,960.2791,0.129656,-346.523813,-346.51649,-346.515545,-346.554874,29.145
QM9[59396],CC(C)[C@H]1O[C@]1(C)C#N,4.372,80.71,-0.2909,0.0079,0.2988,1397.8539,0.167867,-403.155412,-403.145114,-403.14417,-403.190732,37.1
QM9[18964],CO[C@@H]1[C@@H]2[C@H]3CN2[C@H]31,1.4047,69.02,-0.2334,0.0713,0.3047,934.7266,0.14243,-363.743162,-363.736274,-363.73533,-363.774422,26.104
QM9[128822],COCC1=NOC([NH])O1,2.4487,65.06,-0.2584,-0.0239,0.2345,1270.4906,0.111509,-491.052698,-491.044308,-491.043364,-491.087077,29.227
QM9[45963],[NH][C]1OCC(=O)[C@H]2O[C@@H]12,0.4695,64.43,-0.2677,-0.058,0.2097,990.9641,0.101352,-473.821335,-473.81409,-473.813145,-473.853474,26.914
QM9[129221],[NH]C1=C[CH]C([NH])=N[N]N1,2.1148,80.89,-0.2536,-0.0813,0.1723,1100.2345,0.102979,-429.000213,-428.992758,-428.991814,-429.034404,27.458
QM9[17767],N#CC[C@@H]1[C@@H]2C[C@H]1O2,3.7212,65.26,-0.2543,0.0294,0.2837,1002.0066,0.119333,-362.599431,-362.592603,-362.591659,-362.631146,25.485
QM9[13910],C[C@@H]1[C@H](C(N)=O)[C@@H]1O,4.5513,65.78,-0.2336,0.0152,0.2488,928.9719,0.141508,-401.025329,-401.016714,-401.015769,-401.058286,31.642
QM9[876],Nc1cnc(N)o1,2.9043,52.81,-0.2014,0.0306,0.232,687.7705,0.092201,-356.724041,-356.71771,-356.716766,-356.753876,23.545
QM9[79878],C[C@H]1[C@H]2[C@H]3CC[C@H]3[C@@]12O,1.224,81.92,-0.2267,0.0774,0.3041,1077.1102,0.182635,-387.025372,-387.016869,-387.015925,-387.057904,33.929
QM9[66046],C#C[C@]1(O)CC[C@H]1C#N,3.6261,75.78,-0.2773,0.0038,0.2811,1121.0464,0.122528,-400.715289,-400.706425,-400.705481,-400.748818,33.012
QM9[93444],C[C@H]1COC(=O)CC1=O,3.7188,68.9,-0.2605,-0.0369,0.2237,1171.2611,0.135418,-459.028447,-459.020072,-459.019127,-459.061956,30.896
QM9[62854],C[C@@]1(O)[C@H]2CC(=O)[C@@H]1O2,2.8642,67.88,-0.2323,-0.0221,0.2102,986.2575,0.134593,-458.947477,-458.939523,-458.938579,-458.979494,31.293
QM9[79612],C[C@H]1[C@@H]2C(=O)[C@@H]3C[C@@H]3N12,2.5897,76.34,-0.2397,-0.029,0.2107,1090.0306,0.14814,-401.928318,-401.920629,-401.919685,-401.960321,30.224
QM9[66844],O[C@@]12[C@@H]3[C@H]4CN3[C@@H]1[C@]42O,1.1725,67.23,-0.2107,0.0634,0.2741,896.6169,0.124331,-437.76791,-437.7609,-437.759955,-437.798807,28.733
QM9[57667],C#CCC(C)(C)O[CH][NH],3.7554,83.2,-0.2567,0.0258,0.2824,1359.1816,0.166653,-403.11852,-403.10787,-403.106926,-403.154278,38.701
QM9[15905],CC[C@H]1[C@@H](C)C[C@H]1O,1.4598,78.2,-0.2525,0.0722,0.3247,1108.5526,0.199555,-350.200614,-350.191296,-350.190352,-350.234075,35.086
QM9[14442],C[C@@]12O[C@H]3CO[C@@H]1[C@H]32,2.0244,63.65,-0.2134,0.0808,0.2941,763.505,0.131061,-383.695467,-383.689075,-383.688131,-383.725636,25.412
QM9[86129],C[C@@H]1N[C@H](C)C(=O)C1=O,4.4923,73.24,-0.2317,-0.0913,0.1404,1197.6147,0.146032,-439.115524,-439.106365,-439.105421,-439.149568,33.408
QM9[78415],[NH][C]1O[C@@H]2[C@H]1[C@@H]1[C@@H](O)[C@H]21,2.9432,69.02,-0.2554,0.0204,0.2757,1038.1448,0.124636,-437.825128,-437.817912,-437.816968,-437.856683,28.668
QM9[49820],O=CN1CC(=O)C(=O)C1,2.3813,64.26,-0.2574,-0.1147,0.1427,1208.267,0.099622,-473.868377,-473.86018,-473.859235,-473.902971,28.341
QM9[121108],CCC[C@H]1CC[C@@H](C)C1,0.1564,96.75,-0.2924,0.0814,0.3738,1954.7755,0.253012,-353.590441,-353.579875,-353.578931,-353.626551,39.595
QM9[95572],O=C1CC=CCC[C@@H]1O,2.9802,76.74,-0.2448,-0.0269,0.218,1143.6335,0.160247,-423.056422,-423.048128,-423.047184,-423.089342,32.09
QM9[99030],CNC(=O)OC(C)(C)C,2.2336,80.62,-0.2465,0.0668,0.3133,1481.3343,0.190827,-441.54622,-441.534912,-441.533968,-441.582868,40.357
QM9[65780],C[C@@]1(OC=O)CCCO1,4.4008,71.9,-0.2622,0.0124,0.2746,1210.8119,0.15846,-460.207047,-460.198086,-460.197142,-460.241271,32.79
QM9[53810],CC(=O)C(=O)N1CCC1,2.0474,75.49,-0.2319,-0.056,0.1759,1302.9878,0.146232,-439.118588,-439.109114,-439.10817,-439.154067,32.703
QM9[36520],C#CC[C@H]1CCOCO1,1.8414,77.37,-0.2586,0.0525,0.3112,1379.4331,0.159387,-422.995777,-422.987223,-422.986279,-423.029267,32.498
QM9[10452],N#CCC1(C=O)CC1,4.0655,65.83,-0.2668,-0.0407,0.2262,985.5978,0.117538,-362.676483,-362.668426,-362.667482,-362.709606,28.387
QM9[95971],CC(=O)[C@H]1CCC[C@H]1O,3.281,78.09,-0.2484,-0.0207,0.2278,1213.1983,0.182818,-424.264896,-424.255652,-424.254708,-424.299693,34.574
QM9[85730],C#C[C@@H]1O[C@H](C)[C@@H]1C=O,1.722,74.09,-0.2532,-0.0337,0.2195,1131.6711,0.132525,-421.777247,-421.767974,-421.767029,-421.81228,33.114
QM9[81740],C#C[C@@]12O[C@@H]1[C@H](O)[C@@H]2C,1.6409,75.64,-0.2492,0.0127,0.2619,1138.7749,0.13346,-421.753118,-421.74436,-421.743415,-421.786299,33.282
QM9[116054],CCC1OCC=CCO1,1.857,81.24,-0.2459,0.0175,0.2634,1315.5417,0.182479,-424.228237,-424.21917,-424.218226,-424.262327,33.873
QM9[91981],C[C@H]1O[C@H]2C[C@H]2[C@H]1C#N,3.0635,74.54,-0.2488,0.0309,0.2797,1053.9783,0.148287,-401.951409,-401.943248,-401.942304,-401.984442,31.01
QM9[12048],N#C[C@]1(O)C[C@H]2O[C@H]21,2.2029,57.9,-0.2778,0.0001,0.2779,808.4068,0.094226,-398.556971,-398.549907,-398.548962,-398.58814,26.182
QM9[13511],CC(=O)[C@@H]1CC[C@@H]1C,2.5998,75.04,-0.2379,-0.0108,0.2271,1020.2333,0.175666,-349.022477,-349.013485,-349.012541,-349.056533,32.566
QM9[12580],CC1=C([NH])OC[C]1N,4.7764,72.02,-0.2079,0.0026,0.2105,928.3518,0.131364,-379.958511,-379.950534,-379.949589,-379.990802,29.424
QM9[76819],O[C@@H]1[C@H](O)[C@@H]2N3CC12C3,1.472,72.93,-0.2071,0.0337,0.2408,999.9588,0.147724,-438.914516,-438.906775,-438.905831,-438.946311,31.042
QM9[71499],C[C@@]12C[C@H]3[C@@H]1CC(=O)[C@H]32,3.1437,79.8,-0.2309,-0.0092,0.2216,1013.375,0.160296,-385.88431,-385.876895,-385.875951,-385.915921,30.019
QM9[5531],CCc1ocnc1O,0.505,63.85,-0.211,0.0054,0.2163,949.8829,0.119366,-399.839536,-399.831933,-399.830989,-399.871935,27.43
QM9[60327],CC(C)CNC(=N)C=O,3.5514,82.84,-0.234,-0.0678,0.1662,1706.784,0.180359,-420.428193,-420.417408,-420.416464,-420.464914,38.165
QM9[132413],O=Cc1cc(F)ncn1,2.4144,64.55,-0.2748,-0.099,0.1757,1154.4197,0.077923,-476.829696,-476.822793,-476.821849,-476.861665,24.766
QM9[94907],C[C@H]1CC[C@@H]2[C@H]1[C@@H]2C#N,4.1713,82.11,-0.2798,0.0311,0.3109,1072.4268,0.173122,-366.03949,-366.031231,-366.030287,-366.072137,32.107
QM9[4600],CC1=CN=C([NH])OC1,4.6597,69.35,-0.2278,-0.066,0.1618,924.2162,0.108256,-378.751594,-378.744591,-378.743646,-378.783217,25.562
QM9[85065],C[C@H]1OC(=O)[C@@H](O)[C@H]1C,3.2334,70.95,-0.2588,0.0022,0.2611,1102.3652,0.158966,-460.213714,-460.204718,-460.203774,-460.247092,33.859
QM9[4733],N#Cc1nc(N)co1,5.5698,62.84,-0.2308,-0.06,0.1709,934.526,0.073831,-393.615452,-393.608849,-393.607905,-393.646206,24.063
QM9[19762],C1=C[C@H]2[C@H]3C[C@@H]1O[C@@H]23,1.3462,66.9,-0.2248,0.0152,0.24,663.2166,0.134368,-346.605677,-346.600396,-346.599452,-346.634588,23.065
QM9[60593],O[C@H](C1CCC1)C1CC1,1.5078,86.03,-0.2576,0.0724,0.33,1482.2027,0.205794,-388.264198,-388.254579,-388.253635,-388.2992,36.151
QM9[117783],CCO[C@](C)(C#N)CC,3.2346,83.16,-0.2765,0.0254,0.3019,1373.0938,0.190858,-404.369211,-404.358045,-404.357101,-404.405552,39.789
QM9[90119],C[C@H]1C[C@@]23CC[C@@H](O2)[C@@H]13,1.6073,82.07,-0.2388,0.083,0.3218,1049.5539,0.184322,-387.042738,-387.03526,-387.034316,-387.074106,31.179
QM9[64716],C[C@@]1(CC#N)O[C@H]2C[C@H]21,5.2192,75.64,-0.2518,0.0297,0.2814,1182.4453,0.146405,-401.925162,-401.916655,-401.915711,-401.958318,32.264
QM9[91183],C[C@H]1O[C@H]2C=CC[C@]21C,1.8387,82.11,-0.2368,0.0131,0.2499,1046.0937,0.182826,-387.095165,-387.08675,-387.085805,-387.127722,33.326
QM9[40909],C1OC[C@@H]2[C@H]1C21COC1,2.4393,74.71,-0.2418,0.0733,0.3151,1085.702,0.161019,-422.987157,-422.979635,-422.978691,-423.019389,28.958
QM9[31732],CNc1coc(CO)c1,2.4341,76.82,-0.1897,0.0236,0.2132,1518.8261,0.147659,-439.094676,-439.085494,-439.08455,-439.129133,33.361
QM9[52613],CC#CC(C)(C)C1CC1,0.2251,94.66,-0.2385,0.0667,0.3052,1546.4734,0.202893,-351.125127,-351.114013,-351.113069,-351.162812,40.181
QM9[97700],C#C[C@]1(C#CCO)CN1,0.9205,82.5,-0.2426,0.0052,0.2478,1633.7703,0.121735,-400.640074,-400.63036,-400.629416,-400.676179,34.384
QM9[109404],C[C@]12N[C@H]1C(=O)[C@H]2CO,4.6853,72.65,-0.2397,-0.0277,0.212,1170.0675,0.146491,-439.05219,-439.043285,-439.04234,-439.085847,33.093
QM9[108074],OC[C@@]12C[C@H]3C[C@]1(O)[C@H]32,3.0824,74.75,-0.2362,0.0643,0.3005,1048.8362,0.159493,-422.965909,-422.957772,-422.956828,-422.998424,32.322
QM9[61790],N#C[C@H](O)[C@@H](O)CC=O,3.4548,66.68,-0.26,-0.031,0.2289,1468.857,0.120876,-475.028232,-475.01828,-475.017336,-475.064014,34.204
QM9[108606],CCC1=C(C)C(=O)NC1,4.1965,83.62,-0.2364,-0.0132,0.2232,1326.954,0.170343,-403.21845,-403.208436,-403.207492,-403.255141,35.153
QM9[70302],O[C@]12C[C@H]1CC1(CC1)C2,1.1885,81.73,-0.2495,0.0836,0.3331,1156.8372,0.183394,-387.07664,-387.068513,-387.067569,-387.108734,33.489
QM9[2339],CCO[C@H]1C[C@H]1C,0.9115,68.75,-0.24,0.093,0.3331,1007.1546,0.170037,-310.902708,-310.894273,-310.893329,-310.935642,30.171
QM9[94375],C[C@H]1OC[C@@]12C[C@H]1O[C@H]12,1.9431,74.31,-0.2454,0.0764,0.3218,1088.3033,0.158362,-422.964861,-422.956704,-422.95576,-422.998028,31.084
QM9[49288],O=CC1=CNC[C@H]2N[C@@H]12,5.7271,80.26,-0.205,-0.0197,0.1853,1136.0068,0.138703,-418.011219,-418.003515,-418.002571,-418.043565,29.326
QM9[32131],COc1cccc(C)c1,0.9075,88.05,-0.2122,0.0083,0.2205,1359.7534,0.160002,-385.958648,-385.949912,-385.948968,-385.992743,32.464
QM9[128290],CNc1cc(O)n(C)n1,2.2117,77.42,-0.1818,0.0525,0.2343,1346.7874,0.147746,-435.279405,-435.269677,-435.268733,-435.314814,34.189
QM9[60859],C[C@@H](C=O)C1(O)COC1,2.7884,71.25,-0.247,-0.0274,0.2196,1165.293,0.156035,-460.145004,-460.135269,-460.134325,-460.179972,34.897
QM9[8723],O=CC(=O)C(=O)C=O,0.0025,49.13,-0.2554,-0.1571,0.0983,1045.9311,0.05574,-454.41244,-454.404209,-454.403265,-454.447919,25.564
QM9[25481],N=CNc1cnccn1,1.1575,83.32,-0.2283,-0.0519,0.1764,1310.2699,0.116017,-413.045102,-413.037709,-413.036765,-413.077452,27.331
QM9[111532],OC[C@H]1[C@H]2C[C@]3(CN3)[C@@H]12,3.4682,78.66,-0.2407,0.0675,0.3082,1082.9635,0.172646,-403.082207,-403.074276,-403.073332,-403.114365,31.925
QM9[44101],O=C1CC2=C(CCC2)N1,3.5186,78.98,-0.2002,0.0068,0.2069,1207.5689,0.150159,-402.013322,-402.005586,-402.004641,-402.045722,29.686
QM9[84932],C[C@H]1N=COCCC1=O,2.2092,73.19,-0.2351,-0.0238,0.2112,1086.0354,0.148085,-439.107725,-439.099251,-439.098307,-439.141328,31.33
QM9[33993],C#C[C@]12C[C@H]1CN=CO2,1.8819,76.12,-0.2429,0.02,0.2628,1051.2194,0.124453,-400.706355,-400.698671,-400.697727,-400.738566,29.683
QM9[98764],CNC(=O)[C@H]1C[C@H]2N[C@@H]12,4.4628,76.69,-0.2262,0.0364,0.2626,1225.9737,0.160579,-419.193171,-419.184448,-419.183504,-419.227307,32.055
QM9[100626],N.N#CC(C#N)=CCN,6.8675,82.21,-0.2678,-0.0819,0.186,1707.5187,0.132603,-414.18909,-414.177113,-414.176169,-414.227809,39.39
QM9[100759],CC[C@@H](C)[C@@H](O)[C@@H](C)O,2.2263,85.56,-0.2553,0.062,0.3174,1609.6524,0.226158,-426.636503,-426.624828,-426.623884,-426.673397,43.032
QM9[126561],CCCc1n[nH]cc1C,1.9702,85.44,-0.2271,0.0312,0.2583,1482.5134,0.1832,-383.310741,-383.300965,-383.30002,-383.346522,35.188
QM9[132014],CC1=C([NH])N=COC1F,2.1749,67.93,-0.2381,-0.0379,0.2001,1041.0241,0.101125,-478.004612,-477.996992,-477.996048,-478.03695,28.014
QM9[61657],C[C@H](C#N)CN1CCC1,4.3651,84.5,-0.2298,0.0397,0.2695,1585.934,0.182717,-383.264794,-383.255214,-383.254269,-383.299963,34.629
QM9[112197],CC[C@H]1O[C]([NH])[C@@]12CO2,3.2087,74.52,-0.268,0.003,0.2711,1248.7913,0.146385,-439.062668,-439.053906,-439.052962,-439.096418,32.194
QM9[76287],N[C@@H]1C(=O)NC(=O)[C@@H]1N,1.356,65.74,-0.2419,-0.0234,0.2186,1077.4611,0.127045,-471.267878,-471.259542,-471.258598,-471.301118,31.041
QM9[70169],O=C1N[C@@H]2C[C@]2(O)C1=O,4.3683,63.38,-0.2489,-0.0774,0.1714,976.6593,0.100708,-473.847813,-473.840161,-473.839217,-473.879921,28.998
QM9[87060],CN1C[C@]1(C#N)C1CC1,2.869,81.08,-0.2499,0.0169,0.2668,1189.8974,0.158541,-382.03929,-382.030209,-382.029265,-382.073201,33.727
QM9[25215],O=c1ccnc[nH]c1=O,4.1765,72.24,-0.2608,-0.0884,0.1724,1024.9877,0.091402,-452.79588,-452.788694,-452.787749,-452.828643,26.045
QM9[68839],O[C@]12CC3(CC3)[C@@]1(O)C2,1.3105,76.43,-0.2256,0.0667,0.2923,1096.0683,0.157754,-422.97154,-422.962865,-422.961921,-423.004237,34.253
QM9[127226],Cc1cn(C)nc1C#N,6.5801,80.1,-0.2534,-0.0245,0.2288,1241.0339,0.124901,-396.976196,-396.967239,-396.966295,-397.011158,30.813
QM9[55140],NC(=O)[C@H]1C[C@@H]2C[C@H]1O2,4.3465,70.87,-0.2434,0.0312,0.2746,1094.9083,0.149009,-439.095881,-439.087845,-439.086901,-439.129191,30.598
QM9[89321],C[C@]12C[C@@H](O)[C@@]1(C#N)N2,3.898,74.6,-0.2765,0.0069,0.2834,1111.221,0.13557,-417.985728,-417.977094,-417.97615,-418.018851,32.371
QM9[74425],CC1=C[C@@]2(C)C[C@H]2CC1,0.2862,92.68,-0.2122,0.0295,0.2417,1256.9907,0.206646,-351.176278,-351.16733,-351.166386,-351.209153,35.784
QM9[78947],O[C@H]1[C@@H]2[C@H]3[C@H]4N2[C@@H]1[C@@]34O,1.9797,66.45,-0.2256,0.0577,0.2833,937.5584,0.125103,-437.774381,-437.767611,-437.766667,-437.805166,27.985
QM9[34392],C#C[C@]12CC[C@H]1CCO2,1.7935,80.88,-0.2449,0.0399,0.2847,1064.8062,0.159549,-385.852959,-385.844885,-385.84394,-385.885611,31.79
QM9[20560],C[C@@H](N)c1cnn[nH]1,5.6371,66.18,-0.246,0.0079,0.254,963.9746,0.133026,-376.09971,-376.092183,-376.091239,-376.131776,27.722
QM9[44633],O=C1C[C@H]2[C@H]3CC[C@H]3[C@@H]12,2.8605,77.78,-0.2358,-0.0208,0.215,990.2898,0.160458,-385.860319,-385.85309,-385.852146,-385.892304,29.251
QM9[1807],CC(C)C1(C)CC1,0.0759,73.94,-0.2626,0.0817,0.3443,852.0802,0.193696,-274.985107,-274.976554,-274.97561,-275.017195,32.603
QM9[121241],CCO[C@H]1CO[C@H]1CC,2.1508,83.32,-0.2433,0.0759,0.3192,1637.935,0.203741,-425.407369,-425.396815,-425.39587,-425.44421,37.219
QM9[20826],CCc1conc1O,2.0398,62.74,-0.2538,0.0002,0.254,937.263,0.119242,-399.802791,-399.795319,-399.794375,-399.834942,27.331
QM9[57002],N#C[C@H](O)[C@H]1N[C@H]2C[C@H]21,5.0848,72.08,-0.2442,0.0238,0.268,1178.8459,0.136992,-417.960826,-417.952831,-417.951887,-417.993769,30.446
QM9[109670],CC[C@]1(C)[C@H](OC)[C@@H]1O,2.3818,82.28,-0.2275,0.0752,0.3027,1308.7043,0.202818,-425.401137,-425.390198,-425.389254,-425.436689,40.029
QM9[35589],C#CC1=NC[C@H](C#N)O1,3.0694,72.71,-0.2732,-0.0514,0.2217,1213.4621,0.088899,-415.58995,-415.582043,-415.581099,-415.623281,28.131
QM9[71632],C[C@@]12O[C@H]3[C@@H]1COC[C@H]32,1.2651,74.57,-0.2329,0.0758,0.3087,987.9667,0.16015,-422.968537,-422.96107,-422.960126,-423.000144,29.843
QM9[31466],C#Cc1coc(OC)c1,1.7544,78.89,-0.2014,-0.0019,0.1996,1392.8456,0.111053,-420.611865,-420.603274,-420.602329,-420.646011,31.034
QM9[125630],CC1=NC(NC=N)=N[N]1,11.1783,88.47,-0.1831,-0.0566,0.1265,1495.2645,0.125256,-430.248132,-430.239018,-430.238074,-430.282604,31.637
QM9[63785],CC1(C)N[C@H]2C(=O)O[C@H]21,5.0078,71.52,-0.2394,0.0027,0.242,1101.7722,0.146935,-439.085192,-439.076884,-439.075939,-439.117784,31.944
QM9[104483],CO[C@]1(C=O)[C@@H]2C[C@H]1C2,1.7667,76.07,-0.2424,-0.0336,0.2089,1065.6941,0.158062,-422.965378,-422.956853,-422.955909,-422.998728,31.923
QM9[126428],CCc1n[nH]c(O)c1C,2.5919,78.24,-0.2078,0.0432,0.2511,1284.8699,0.158915,-419.241237,-419.231437,-419.230493,-419.276226,35.161
QM9[7925],C[C@H]1CC(=O)O[C]1[NH],2.5932,62.61,-0.2764,-0.0138,0.2626,924.6248,0.119388,-399.865422,-399.858131,-399.857187,-399.897362,26.796
QM9[115522],C[C@@]1(C#N)CN[C@H]1CO,3.4379,76.06,-0.2517,0.0244,0.2762,1269.0726,0.159601,-419.193302,-419.183923,-419.182979,-419.227711,34.387
QM9[23353],C/C(=N\O)[C@H]1C[C@H]2C[C@@H]12,0.6588,81.73,-0.2357,0.0178,0.2536,1286.5934,0.169816,-403.080419,-403.071295,-403.070351,-403.11476,34.24
QM9[94641],N#CCN[C@@H]1CC[C@@H]1O,5.6063,77.12,-0.2335,0.0282,0.2617,1568.487,0.159143,-419.189174,-419.17977,-419.178826,-419.22425,33.938
QM9[59795],CC(=O)/C(N)=N/C(C)C,1.8413,83.98,-0.239,-0.0485,0.1905,1524.1828,0.179433,-420.447479,-420.436487,-420.435543,-420.483958,39.49
QM9[16038],C[C@H]1N2CC[C@@]12C#N,4.7839,70.3,-0.2541,-0.0012,0.2529,904.5826,0.13128,-342.754762,-342.747378,-342.746434,-342.78621,27.757
QM9[105680],O=C[C@]1(CO)CC[C@H]1O,2.9875,72.2,-0.2565,-0.0387,0.2178,1163.6222,0.157687,-460.153033,-460.143692,-460.142748,-460.187132,34.611
QM9[24018],C#C[C@H]1Cn2cccc21,1.7411,82.97,-0.204,0.0351,0.2391,1146.3668,0.125337,-363.575026,-363.567409,-363.566465,-363.607687,29.045
QM9[41441],C1C[C@@]23CC[C@]24O[C@H]3[C@H]14,2.0192,78.57,-0.2168,0.0719,0.2887,894.6456,0.160956,-385.778566,-385.772006,-385.771062,-385.80897,28.306
QM9[477],O[C@H]1[C@@H](O)[C@H]1O,0.6618,41.57,-0.2552,0.0505,0.3058,476.1977,0.096192,-343.468335,-343.462548,-343.461604,-343.497233,21.828
QM9[25880],Cc1cc(C(N)=O)c[nH]1,5.2621,78.7,-0.2109,0.0016,0.2124,1359.8986,0.137259,-418.090525,-418.081741,-418.080797,-418.124295,32.601
QM9[58199],CC(C)[C@@H](O)[C@@H](C)C#N,3.0082,82.15,-0.2803,0.0295,0.3098,1365.5258,0.191758,-404.377,-404.366042,-404.365098,-404.412998,39.862
QM9[90917],C[C@H]1O[C@@H]2[C@@H]3CC[C@]12C3,1.7497,82.68,-0.2392,0.0619,0.3011,1060.6058,0.18422,-386.990859,-386.983368,-386.982423,-387.022235,31.315
QM9[106345],CC[C@]12C[C@](C=O)(C1)C2,3.0442,84.93,-0.2434,-0.0249,0.2185,1414.3846,0.181532,-387.060432,-387.05132,-387.050376,-387.094756,34.057
QM9[99296],CNC(=O)CC[C@H]1CO1,1.7581,77.85,-0.2457,0.034,0.2796,1924.0367,0.169432,-440.297237,-440.286907,-440.285963,-440.334753,35.335
QM9[83203],C#C[C@@H]1CC[C@@H]2[C@H](C)[C@H]12,0.8132,87.19,-0.251,0.0599,0.3109,1152.1928,0.183083,-349.923549,-349.914634,-349.91369,-349.957101,34.448
QM9[92114],O[C@H]1CN2C[C@@]3(O)[C@@H]1[C@@H]23,2.3647,70.53,-0.2111,0.0688,0.2799,965.7552,0.148855,-439.029692,-439.02222,-439.021276,-439.06112,30.481
QM9[73361],C[C@]12CO[C@@H]3[C@H](OC1)[C@@H]32,2.6178,72.94,-0.222,0.0818,0.3038,930.2617,0.161042,-423.010282,-423.003058,-423.002114,-423.0416,29.288
QM9[33062],O=c1[nH]cc(CCO)o1,3.6492,68.08,-0.2151,0.0216,0.2367,1486.171,0.124407,-475.07367,-475.064994,-475.06405,-475.107899,31.109
QM9[87725],O[C@H]1C[C@@]12C[C@@H](O)[C@H]2O,2.4304,71.51,-0.2445,0.0635,0.308,1089.6481,0.158235,-460.122637,-460.113731,-460.112786,-460.155977,34.545
QM9[344],C/N=C(\N)C=O,2.7489,50.95,-0.2476,-0.0605,0.187,629.4902,0.095327,-302.564379,-302.557593,-302.556649,-302.594563,23.292
QM9[132679],Oc1cnc(O)c(F)c1,1.9283,65.05,-0.2163,-0.0266,0.1898,1106.0443,0.089385,-497.907516,-497.900228,-497.899284,-497.939134,28.076
QM9[114458],OC[C@H]1O[C@@H]2[C@H]3N[C@@H]2[C@@H]13,1.9253,70.91,-0.2385,0.0741,0.3126,1122.9711,0.149759,-439.007019,-438.999883,-438.998939,-439.038762,28.498
QM9[103286],CC[C@@]1(O)[C@H]2C[C@@H](O)[C@H]21,2.3104,78.41,-0.2403,0.0637,0.3039,1197.6693,0.180947,-424.189772,-424.180283,-424.179339,-424.223615,36.587
QM9[114059],C[C@@]12C[C@]1(O)C[C@H]2CO,0.5427,79.34,-0.2396,0.0764,0.316,1275.2421,0.180797,-424.192093,-424.182375,-424.181431,-424.226205,36.844
QM9[47692],[NH][C]1NC(=O)CCCO1,4.4458,72.77,-0.248,-0.0111,0.2369,1141.2463,0.138409,-455.19431,-455.186277,-455.185333,-455.227827,29.756
QM9[102355],CCC(C#N)(C=O)CC,2.2734,79.27,-0.2736,-0.051,0.2226,1246.2973,0.167648,-403.181017,-403.170217,-403.169272,-403.217583,37.555
QM9[9787],C#C[C@H](O)C1(C)CC1,1.3754,73.22,-0.2628,0.0318,0.2946,986.7435,0.151041,-347.753323,-347.744257,-347.743313,-347.786565,33.801
QM9[15639],CC[C@H]1N=CN[C]1[NH],3.3039,71.12,-0.2311,-0.0038,0.2273,983.1348,0.143616,-360.073914,-360.066049,-360.065104,-360.106321,28.917
QM9[124832],C[C@@H](O)Cc1nnon1,3.7984,66.64,-0.2841,-0.0671,0.217,1323.4275,0.122641,-471.15231,-471.143704,-471.142759,-471.186472,30.697
QM9[71233],C[C@]12CO[C@@H]3CN1[C@@H]3C2,0.3228,77.39,-0.2154,0.0844,0.2998,927.969,0.173203,-403.103666,-403.096607,-403.095663,-403.134487,29.864
QM9[14841],C#C[C@@H]1CO[C@@H]1CC,1.1731,73.69,-0.2497,0.0385,0.2882,1066.6846,0.152202,-347.755605,-347.746938,-347.745994,-347.789281,31.3
QM9[67775],O[C@@]12C=C[C@H]3[C@@H]1C=C[C@H]32,1.3351,75.55,-0.2158,-0.0226,0.1932,869.7136,0.136959,-384.638177,-384.631472,-384.630528,-384.668586,28.712
QM9[68174],O=C1NC[C@]2(O)C[C@H]1C2,3.6213,71.65,-0.24,0.0329,0.2729,1039.093,0.149772,-439.118496,-439.110873,-439.109929,-439.150217,30.639
QM9[121906],CC(C)[C@@H](O)CCCO,2.7229,86.25,-0.2596,0.0717,0.3313,2081.1987,0.225975,-426.628993,-426.617056,-426.616112,-426.666868,42.779
QM9[73893],NC1=C(C=O)[C@H]2N[C@H]2C1,5.2084,79.46,-0.2096,-0.0311,0.1785,1132.0262,0.137108,-418.010828,-418.002708,-418.001763,-418.043358,31.135
QM9[73494],C[C@@]12CC[C@H]3OC[C@@H]1[C@H]32,1.6647,80.6,-0.2379,0.0827,0.3206,1014.0285,0.185398,-387.101867,-387.094362,-387.093418,-387.133477,30.698
QM9[47160],O=C1CCC=C2CC[C@@H]12,2.5735,81.9,-0.2268,-0.0121,0.2147,1107.6761,0.160329,-385.909996,-385.902122,-385.901177,-385.943223,30.485
QM9[129088],C#CC1=C([NH])C=NO[CH]1,0.4628,78.73,-0.2358,-0.0654,0.1704,1080.9405,0.08908,-415.545582,-415.538158,-415.537214,-415.577655,27.954
QM9[1142],C[C@H]1CC(C)(C)O1,1.5121,67.47,-0.2383,0.0836,0.3219,825.052,0.169811,-310.923406,-310.9153,-310.914355,-310.955303,30.357
QM9[77351],C[C@@H]1C(=O)NC[C@H]1C=O,2.5715,73.49,-0.2475,-0.0355,0.212,1253.6495,0.147508,-439.146008,-439.13704,-439.136096,-439.180461,32.221
QM9[7526],C[C@@]1(NC=O)C[C@H]1O,2.5028,65.72,-0.2338,0.0251,0.259,983.4905,0.140548,-401.003111,-400.994379,-400.993435,-401.036172,31.959
QM9[76686],C[C@@H]1[C@H](OC2CC2)[C@@H]1O,1.8682,79.21,-0.2283,0.0742,0.3025,1330.1028,0.180671,-424.176523,-424.166885,-424.16594,-424.211432,35.857
QM9[93843],C[C@H]1OC[C@@H](O)C[C@H]1O,2.3872,73.96,-0.2454,0.067,0.3124,1101.9421,0.183468,-461.373359,-461.364542,-461.363598,-461.40621,34.771
QM9[86661],CC1=N[C@@H](C)CN1C=O,2.8549,80.51,-0.2387,-0.0149,0.2238,1272.2532,0.159359,-419.263775,-419.254618,-419.253674,-419.298247,33.063
QM9[11250],O=CN1C=C[C@@H](O)C1,1.9997,66.79,-0.2275,-0.0168,0.2106,993.2939,0.119666,-399.828396,-399.821,-399.820056,-399.860438,26.979
QM9[30402],C/N=c1\ncoc(O)n1,5.0348,71.1,-0.2416,-0.0415,0.2001,1185.9261,0.101159,-470.033421,-470.025551,-470.024606,-470.066319,28.413
QM9[21225],CNc1nocc1N,3.7921,64.29,-0.2092,0.016,0.2252,946.8296,0.120196,-395.961164,-395.953373,-395.952429,-395.993268,28.336
QM9[27343],[NH]C1=NC(O)NC=C1O,4.0015,69.34,-0.2027,-0.0066,0.1961,1083.8779,0.103708,-470.063883,-470.056607,-470.055663,-470.095414,28.605
QM9[16703],C[C@H]1O[C@@H]2C[C@H]1[C@H]2O,0.7394,67.14,-0.2291,0.0702,0.2994,867.7888,0.154646,-384.913589,-384.906417,-384.905473,-384.944461,28.657
QM9[91582],C[C@H]1C[C@H]2O[C@@]12CC=O,2.7923,75.92,-0.2472,-0.0273,0.2199,1246.8208,0.156797,-423.002989,-422.993917,-422.992973,-423.037675,33.09
QM9[118049],C[C@@H](CCO)[C@@H](C)CO,2.2105,85.84,-0.2611,0.0787,0.3399,1852.1505,0.22635,-426.618801,-426.606875,-426.605931,-426.656981,42.645
QM9[62987],C#C[C@@H]1[C@@H]2O[C@@H]2[C@@]1(C)O,1.5934,73.97,-0.2453,0.0391,0.2844,1050.4192,0.132533,-421.748871,-421.740068,-421.739123,-421.781824,33.878
QM9[32530],CNc1cocc1CO,2.5657,74.71,-0.2064,0.0231,0.2295,1237.5217,0.148541,-439.092198,-439.083375,-439.082431,-439.125957,32.654
QM9[79479],C[C@H]1[C@H]2[C@@H]3N[C@H]2[C@]13C#N,5.3499,77.63,-0.2475,0.017,0.2645,1035.9615,0.136878,-380.791162,-380.783613,-380.782669,-380.823113,29.278
QM9[106079],CO[C@]12[C]3[N]C[C@H]1[C@H]2O3,3.0619,70.19,-0.2152,-0.0613,0.1538,970.6931,0.121929,-437.723656,-437.715914,-437.71497,-437.75587,29.42
QM9[26013],NC(=O)Cc1ccoc1,3.1589,70.66,-0.2297,0.0061,0.2358,1301.5097,0.125024,-437.947492,-437.939074,-437.93813,-437.982176,30.49
QM9[26944],Cc1[nH]cnc1C1CC1,3.4927,84.15,-0.1982,0.0364,0.2345,1237.704,0.160994,-382.108106,-382.099564,-382.09862,-382.141841,31.923
QM9[10851],CC1=CC[C@H](C)OC1,1.1151,78.07,-0.2333,0.0291,0.2624,1098.2106,0.177065,-349.026545,-349.018238,-349.017294,-349.058838,31.598
QM9[64450],CC1(C)OCCCC1=O,2.565,78.36,-0.2286,-0.0178,0.2108,1117.2064,0.181634,-424.262017,-424.252782,-424.251838,-424.295688,35.35
QM9[58997],CC(C)C1=C[C@H]2O[C@H]2C1,2.0302,83.91,-0.2341,0.0076,0.2417,1315.6362,0.182113,-387.08857,-387.079693,-387.078749,-387.122312,34.1
QM9[76952],CN1[C@@H](C=O)C12CCC2,1.6236,82.08,-0.2302,-0.0336,0.1965,1150.4128,0.16956,-403.116734,-403.107667,-403.106723,-403.15043,33.729
QM9[26811],N#Cc1nc(N)c(O)[nH]1,5.1929,71.72,-0.2218,-0.0322,0.1897,1206.5314,0.091317,-448.97141,-448.963478,-448.962534,-449.003894,29.116
QM9[24816],C#CC1=CNCN=C1[NH],5.9761,82.72,-0.2097,-0.0414,0.1683,1084.3976,0.102774,-395.732216,-395.724626,-395.723682,-395.764378,28.91
QM9[68706],C#C[C@]12C[C@@]1(O)CC2=O,4.0344,75.94,-0.2331,-0.0156,0.2175,1066.5577,0.109669,-420.578155,-420.569649,-420.568705,-420.611158,32.145
QM9[109271],CCC1=CCN=COC1,2.4167,81.91,-0.2312,-0.0007,0.2305,1319.3424,0.171988,-403.15208,-403.143215,-403.142271,-403.185958,32.861
QM9[128689],COc1n[nH]c(O)c1O,0.5801,64.32,-0.1938,0.0497,0.2436,1198.4629,0.111334,-491.079244,-491.069553,-491.068609,-491.114361,32.96
QM9[28806],Cc1cccc(=O)cn1,4.0061,86.62,-0.2351,-0.0805,0.1547,1185.4693,0.12489,-400.787861,-400.779926,-400.778982,-400.820839,29.46
QM9[6728],C/N=C/OC[C@@H](C)O,1.7161,72.87,-0.2452,0.0259,0.2712,1514.7629,0.162435,-402.191608,-402.181674,-402.18073,-402.227245,34.361
QM9[104217],CC[C@@]1(O)CCC12CC2,1.4152,85.84,-0.2477,0.0689,0.3167,1237.3511,0.20427,-388.272499,-388.26272,-388.261776,-388.306597,37.894
QM9[89454],C[C@@]12C[C@@H](O)[C@]1(O)CO2,2.2583,70.9,-0.2396,0.055,0.2946,1044.2561,0.157178,-460.131865,-460.122789,-460.121845,-460.165558,34.312
QM9[70701],C[C@]12N[C@H]1COCC2=O,3.3595,71.99,-0.233,-0.0221,0.2109,1038.258,0.148262,-439.079503,-439.07137,-439.070425,-439.112079,31.056
QM9[41840],C1C[C@H]2O[C@@H]3C[C@H]2[C@H]1O3,2.2076,72.57,-0.2461,0.0822,0.3283,867.7024,0.164149,-423.058259,-423.052116,-423.051172,-423.088599,26.354
QM9[26678],Cc1c(N)[nH]c(O)c1N,1.7631,75.87,-0.1669,0.0673,0.2342,1222.574,0.147962,-435.292485,-435.282546,-435.281602,-435.326866,36.45
QM9[29737],Cn1c(O)ccc1C#N,5.5655,77.7,-0.2085,-0.0103,0.1982,1138.3079,0.11333,-416.861552,-416.852954,-416.85201,-416.895448,30.666
QM9[78149],C[C@H]1[C@@H]2C(=O)CC(=O)N12,2.0877,70.52,-0.2512,-0.0444,0.2068,1121.3487,0.123131,-437.914697,-437.906626,-437.905682,-437.947879,29.907
QM9[130817],O=CC#Cc1nnon1,1.5514,69.97,-0.2953,-0.1186,0.1767,1589.2342,0.052174,-467.512071,-467.504511,-467.503567,-467.545853,24.814
QM9[93045],C[C@H]1OC=N[C@H]2CC[C@H]21,2.1913,79.31,-0.2396,0.0284,0.268,1064.1688,0.173166,-403.160052,-403.152196,-403.151252,-403.1923,30.864
QM9[109936],CO[C@H]1[C@@H](O)C[C@]1(C)O,1.0356,75.13,-0.2475,0.0685,0.316,1202.3948,0.179539,-461.340312,-461.330085,-461.32914,-461.375168,38.015
QM9[31067],CNc1nc(O)oc1O,2.4043,65.21,-0.1805,0.0364,0.2169,1214.7657,0.112288,-491.097668,-491.088885,-491.087941,-491.131326,31.663
QM9[77750],C[C@H]1[C@H]2C(=O)N(C)[C@@]12C,3.9033,80.4,-0.2278,0.0199,0.2477,1106.7136,0.169314,-403.154245,-403.144683,-403.143739,-403.188137,35.209
QM9[129620],Nc1[nH]ncc1CC=O,1.5922,72.83,-0.2084,-0.0313,0.1771,1150.8126,0.12558,-434.093472,-434.085022,-434.084078,-434.12683,30.817
QM9[57268],C[C@@](O)(C#N)[C@@]1(C)CN1,2.6214,75.04,-0.2596,0.01,0.2696,1099.2211,0.157155,-419.194565,-419.184762,-419.183818,-419.228639,36.727
QM9[116320],CC[C@H]1OCC[C@H]2C[C@H]21,1.2121,85.46,-0.2437,0.0819,0.3256,1292.9689,0.207573,-388.293826,-388.28504,-388.284096,-388.327223,34.371
QM9[73228],C[C@]12OC[C@H]1CNC2=O,4.8235,71.41,-0.2295,0.0185,0.248,989.1956,0.148931,-439.115048,-439.106995,-439.106051,-439.147593,30.545
QM9[80942],C[C@@]12O[C@@H]([C@H]1O)[C@H]2C#N,2.8501,69.62,-0.2758,0.009,0.2848,1073.2883,0.123024,-437.835288,-437.827131,-437.826187,-437.867888,30.94
QM9[27609],N#Cc1cc(O)ncn1,4.4924,70.09,-0.2896,-0.0829,0.2067,1128.7794,0.080296,-431.743024,-431.736228,-431.735283,-431.774523,25.195
QM9[50884],C#CCCC(=O)NC=N,1.1278,79.99,-0.26,-0.021,0.2391,1913.7893,0.134277,-418.015612,-418.005724,-418.00478,-418.052118,34.307
QM9[132280],CC1=CC(F)OC([NH])=N1,3.849,70.61,-0.2375,-0.0576,0.1799,1128.1875,0.099645,-478.009704,-478.001881,-478.000937,-478.042556,28.669
QM9[130684],[N][N][C]1OC(=O)NC1=O,0.4787,63.21,-0.2489,-0.107,0.1419,1053.4663,0.0542,-504.77817,-504.771082,-504.770138,-504.810284,25.016
QM9[6329],C/N=C(\C)OC(N)=O,4.5253,65.47,-0.2616,-0.0012,0.2605,1115.4679,0.127959,-417.109984,-417.100593,-417.099649,-417.145762,31.745
QM9[69371],C[C@]12C[C@H]1[C@H]([C@H]1CO1)C2,1.3212,82.73,-0.2464,0.0943,0.3407,1258.7484,0.182313,-387.042429,-387.03388,-387.032936,-387.075683,33.173
QM9[84666],CN1C=N[C@H]2C[C@H]2N=C1,2.4947,81.56,-0.2112,-0.0086,0.2026,1103.2981,0.149926,-398.117385,-398.109388,-398.108444,-398.151072,29.983
QM9[2605],O=C[C@]1(CO)CN1,2.8753,54.37,-0.2569,-0.038,0.219,713.8518,0.112789,-361.688335,-361.68122,-361.680276,-361.719508,25.455
QM9[48756],[NH][C]1C[C@H]2C[C@@]2(C=O)O1,0.9084,71.33,-0.2606,-0.0405,0.2201,1113.9147,0.124029,-437.902458,-437.894733,-437.893789,-437.935007,29.119
QM9[45298],O=C1[CH][C]2C=CC[C@@H]2N1,4.7773,80,-0.2364,-0.0494,0.1871,1086.9421,0.127703,-400.806132,-400.79943,-400.798486,-400.837151,26.977
QM9[126694],CCN(C)c1ncon1,1.78,74.75,-0.2154,-0.0081,0.2073,1229.9897,0.147962,-435.26609,-435.257095,-435.256151,-435.300559,31.679
QM9[89853],C[C@@H]1C=CCC2(CC2)O1,1.0094,84.5,-0.2401,0.0238,0.2639,1172.3372,0.182681,-387.090212,-387.08179,-387.080845,-387.122895,33.619
QM9[40776],C1CC1[C@H]1CC[C@H]2C[C@H]21,0.1223,88.95,-0.2551,0.0862,0.3413,1332.2027,0.208384,-351.146631,-351.13843,-351.137486,-351.179566,33.135
QM9[111133],OC[C@@H]1[C@@H]2O[C@H]1[C@@H]1N[C@H]21,0.9841,70.54,-0.2342,0.0762,0.3104,1089.2995,0.149103,-438.999818,-438.992396,-438.991452,-439.031807,29.482
QM9[57135],C[C@@H](C#CC#N)[C@H]1CO1,5.3525,82.53,-0.2791,-0.0418,0.2373,1506.6639,0.122907,-400.713346,-400.704195,-400.70325,-400.748217,32.064
QM9[109537],CC[C@H]1C(C)(C)[C@]1(C)O,1.3821,89.72,-0.2372,0.0726,0.3099,1366.3612,0.225112,-389.491325,-389.479703,-389.478759,-389.527261,43.292
QM9[40510],C1CC1[C@]12CC[C@H]1CO2,1.5549,82.11,-0.2383,0.0731,0.3114,1138.4269,0.183323,-387.046785,-387.038603,-387.037658,-387.079919,31.97
QM9[47293],[NH][C]1CCOC(=O)CO1,1.7865,67.11,-0.268,-0.0073,0.2607,1129.254,0.125287,-475.053384,-475.045436,-475.044492,-475.086704,29.059
QM9[23619],[NH]C1=CC(F)OC=C1,2.9692,60.9,-0.2294,-0.03,0.1994,853.1759,0.084996,-422.648062,-422.641994,-422.641049,-422.678385,23.134
QM9[125763],Cc1noc(N)c1C#N,2.648,71.85,-0.2378,-0.0123,0.2255,1115.8583,0.101098,-432.895819,-432.887407,-432.886463,-432.928858,30.47
QM9[8058],CC12CN(C1)[C@H]2C=O,3.7599,69.7,-0.2374,-0.0353,0.2021,881.8333,0.141652,-363.788925,-363.781509,-363.780565,-363.820556,27.968
QM9[41175],C1=C[C@]23C[C@H]1O[C@H]2CO3,0.8123,71.1,-0.2409,-0.0047,0.2362,859.4377,0.138478,-421.773308,-421.767214,-421.76627,-421.803311,26.43
QM9[118714],OCC[C@]1(O)[C@@H]2C[C@H]1O2,1.18,71.22,-0.252,0.0727,0.3247,1315.2633,0.158302,-460.081335,-460.072745,-460.071801,-460.114956,33.046
QM9[40111],[CH]1C[C@]2(CO2)[C@@H]2OC[C]12,2.4339,73.91,-0.2435,-0.0034,0.2401,1017.4934,0.136429,-421.762453,-421.75526,-421.754316,-421.794113,28.244
QM9[122438],C[C@@]1(O)C[C@H]1OCCO,1.6487,76.05,-0.2438,0.0729,0.3167,1489.6636,0.179528,-461.330384,-461.320041,-461.319097,-461.366071,38.072
QM9[79080],O[C@@H]1[C@@H]2C=C[C@@H]3[C@H]1[C@]23O,2.3261,71.66,-0.2278,0.0066,0.2345,935.916,0.136958,-421.791091,-421.783922,-421.782978,-421.822125,29.835
QM9[101291],C#C[C@@H]1N[C@@H]1[C@H](O)CO,1.8293,74.03,-0.2534,0.0268,0.2802,1305.0302,0.145856,-439.006802,-438.997278,-438.996333,-439.041618,35.332
QM9[14309],C[C@H]1C[C@@H]2[C@H](O1)[C@@H]2O,1.8633,66.71,-0.2355,0.0734,0.3089,867.1066,0.154549,-384.927466,-384.920131,-384.919187,-384.95887,28.807
QM9[99429],C#CC(C#C)(C#N)CO,3.5534,73.45,-0.2818,0.0047,0.2866,1106.6594,0.096186,-399.462193,-399.452123,-399.451179,-399.49727,35.007
QM9[131482],O[C@H]1C[C@H]1c1c[nH]nn1,5.1171,71.95,-0.2268,-0.0113,0.2154,1134.5708,0.126433,-434.048123,-434.040771,-434.039827,-434.080325,28.388
QM9[107276],OC[C@]12O[C@H]1[C@H]1C[C@@H]2C1,1.6125,74.05,-0.2485,0.0601,0.3085,1017.3568,0.160523,-422.97246,-422.964893,-422.963949,-423.004538,30.258
QM9[13245],O=CC#C[C@H]1CCO1,3.2922,70.4,-0.2677,-0.0655,0.2022,1394.0217,0.105728,-382.489299,-382.481199,-382.480255,-382.52369,26.619
QM9[33328],C#CC#C[C@H]1N[C@H]1C#N,4.5259,86.64,-0.254,-0.0371,0.2169,1494.4356,0.087996,-378.391182,-378.382694,-378.38175,-378.425116,30.419
QM9[110867],CO[C@H]1[C@H]2C[C@@H](O)[C@]21C,1.9621,78.67,-0.242,0.0749,0.3169,1133.8103,0.1814,-424.188922,-424.179455,-424.178511,-424.2229,35.593
QM9[63120],C#C[C@@]12OC[C@@H]1[C@@]2(C)O,0.5606,76.85,-0.2264,0.0121,0.2385,1060.1447,0.132662,-421.74314,-421.734175,-421.733231,-421.776239,34.105
QM9[93577],C[C@@H]1C=C([C@H]2CO2)CC1,1.7926,87.2,-0.2314,0.0119,0.2433,1472.8799,0.182913,-387.088896,-387.080087,-387.079143,-387.122723,33.316
QM9[125231],Cc1cc(N2CC2)no1,2.7795,77.29,-0.2316,0.0028,0.2344,1313.9977,0.136135,-417.980553,-417.972355,-417.971411,-418.013998,29.914
QM9[51017],O=CCC1(CC=O)CN1,2.3005,72.68,-0.2401,-0.0384,0.2017,1274.8777,0.144989,-439.073367,-439.063878,-439.062934,-439.109273,33.113
QM9[90518],C#CC[C@H]1[C@H]2[C@@H](O)CN12,2.1953,77.11,-0.2363,0.0474,0.2837,1207.5502,0.1467,-401.855066,-401.846399,-401.845455,-401.888726,32.997
QM9[24151],c1cc(C[C@H]2CO2)c[nH]1,2.7061,78.79,-0.202,0.0482,0.2502,1397.2013,0.14913,-401.959691,-401.951584,-401.95064,-401.993389,30.433
QM9[1674],CC[C@@H](C)C(N)=O,3.3976,64.3,-0.2397,0.0377,0.2774,917.7567,0.158399,-327.024699,-327.015444,-327.0145,-327.059628,31.698
QM9[81607],CN1[C@H]2C[C@@H]1[C@H]2CC#N,3.5663,80.43,-0.2175,0.0329,0.2504,1200.2944,0.159488,-381.993583,-381.985094,-381.98415,-382.027539,31.853
QM9[11383],CC[C@@H]1[CH]C=C([NH])O1,4.1113,73.29,-0.2428,-0.0319,0.2109,1029.2401,0.142993,-363.892007,-363.884426,-363.883482,-363.924082,28.334
QM9[42638],N#C[C@@]12O[C@H]3[C@@H]1[C@H]3C2=O,5.7755,63.56,-0.2594,-0.0419,0.2175,909.3645,0.076762,-435.429783,-435.423063,-435.422119,-435.461079,25.43
QM9[86395],O[C@H]1C[C@@H](O)[C@@]2(O)C[C@@H]12,2.6954,70.81,-0.2495,0.0672,0.3167,1127.2541,0.158698,-460.148445,-460.139592,-460.138648,-460.181407,34.61
QM9[94508],O=CC#C[C@@H]1OC[C@@H]1O,2.7982,74.08,-0.271,-0.0676,0.2034,1548.7672,0.109994,-457.704255,-457.695021,-457.694077,-457.740155,30.953
QM9[51283],O=CCC1=CC[C@H]2C[C@@H]12,2.5457,82.53,-0.2288,-0.0282,0.2006,1318.5357,0.159295,-385.900546,-385.892219,-385.891275,-385.934847,31.126
QM9[118448],CNC[C@@H](OC)C([O])=O,13.8195,74.35,-0.1749,-0.0031,0.1719,1416.7013,0.169704,-477.375159,-477.364782,-477.363838,-477.411477,36.143
QM9[58465],C[C@@H](O)[C@]1(O)C[C@H](O)C1,1.5313,74.19,-0.2485,0.0606,0.3091,1211.046,0.180208,-461.348704,-461.338823,-461.337878,-461.382838,38.177
QM9[18033],C1CO[C@H]2CO[C]2[N]1,2.2915,61.63,-0.2539,0.0096,0.2635,789.7625,0.121078,-399.774852,-399.768539,-399.767595,-399.805364,24.066
QM9[75489],CC1=CCCC2(CC2)C1,0.1221,91.99,-0.2261,0.0361,0.2622,1276.1625,0.207125,-351.173138,-351.16441,-351.163466,-351.206086,34.983
QM9[39712],C1=C[C@@H]2[C@H]3N2[C@@H]1C31CC1,1.7261,79.4,-0.2104,0.0021,0.2125,939.0242,0.149716,-364.749649,-364.743027,-364.742083,-364.780303,27.909
QM9[21358],c1cc2oncc2[nH]1,4.8924,61.99,-0.22,-0.0135,0.2065,726.0851,0.087396,-377.520764,-377.515322,-377.514378,-377.550081,21.485
QM9[35722],N#C[C@H]1NC[C@H]1C1CC1,4.4461,79.79,-0.2494,0.0171,0.2666,1233.5896,0.160551,-382.042799,-382.034214,-382.03327,-382.076692,31.854
QM9[87592],C[C@H]1N[C@@]12C=C[C@H]1C[C@H]12,1.6147,85.38,-0.2204,0.0148,0.2352,1143.6221,0.172247,-365.987064,-365.979129,-365.978185,-366.019212,31.967
QM9[132546],Cc1cnc(F)cc1C,3.7522,78.11,-0.2452,-0.0229,0.2223,1214.3007,0.135945,-426.055264,-426.047099,-426.046155,-426.087889,30.778
QM9[85331],O=C1C[C@H](O)[C@@H]2CCN12,3.55,72.01,-0.2381,0.0196,0.2577,1001.276,0.149486,-439.105248,-439.097458,-439.096514,-439.137713,29.911
QM9[120576],CCC[C@H]1C[C@]1(O)C#N,3.8438,81.86,-0.2762,0.0169,0.2931,1681.1675,0.169045,-403.152101,-403.142006,-403.141062,-403.187612,36.558
QM9[107143],CC[C@]12C[C@H]1C1(CC1)C2,0.3644,91.09,-0.2352,0.0891,0.3243,1396.1172,0.205535,-351.1199,-351.110851,-351.109907,-351.15354,35.643
QM9[118847],CCC[C@@]1(O)C[C@H]1CC,1.2952,90.27,-0.2483,0.0766,0.3249,1787.1513,0.22658,-389.488802,-389.477583,-389.476639,-389.525406,41.367
QM9[51815],O=CC[C@H]1CC=CCO1,3.3664,77.98,-0.2417,-0.0191,0.2226,1435.1024,0.15865,-423.041799,-423.033079,-423.032134,-423.07618,31.842
QM9[16171],CC[C@@]12COC[C@@H]1C2,1.6265,74.39,-0.247,0.0866,0.3336,1000.7953,0.178216,-349.004036,-348.996226,-348.995282,-349.036041,30.053
QM9[111399],CO[C@@H]1[C@H](C=O)[C@@H]2O[C@@H]21,3.2411,68.82,-0.2451,-0.0299,0.2152,1100.8469,0.133474,-458.909065,-458.900345,-458.899401,-458.943454,30.937
QM9[24949],O=C1Cc2ccoc2O1,3.5798,63.87,-0.2173,-0.017,0.2003,1022.9908,0.090822,-456.61287,-456.606452,-456.605508,-456.643826,24.802
QM9[2206],C[C@H]1C[C@@H](O)[C@H]1C,1.3159,67.05,-0.251,0.0742,0.3251,819.7929,0.170964,-310.912796,-310.904739,-310.903794,-310.944433,30.263
QM9[102887],CC[C@H](C#N)NCC#N,4.8964,77.88,-0.2737,-0.0027,0.271,1581.4044,0.146783,-398.142523,-398.132467,-398.131523,-398.178599,34.704
QM9[65647],O=C[C@]1(O)C[C@H]2CO[C@H]21,2.7215,68.43,-0.2515,-0.0324,0.2191,1046.2365,0.134986,-458.931883,-458.923942,-458.922998,-458.964726,30.041
QM9[45431],O=C1C[C@H]2CC[C@@H]1OC2,3.3582,73.61,-0.2264,-0.0176,0.2088,959.5499,0.162178,-423.062947,-423.055639,-423.054694,-423.094815,29.058
QM9[56736],C#C[C@H](O)[C@@]1(C=O)CO1,1.8547,67.52,-0.2614,-0.0533,0.2081,1066.7198,0.108801,-457.700756,-457.691781,-457.690837,-457.734542,32.552
QM9[62189],C[C@H](C#N)NCCC#N,1.9798,78.15,-0.2636,0.0139,0.2776,1915.6657,0.146867,-398.147108,-398.137015,-398.136071,-398.183458,34.76
QM9[14176],CC1(C)[C@@H]2OCO[C@@H]21,1.1363,67.49,-0.2424,0.0953,0.3376,878.087,0.153181,-384.920441,-384.912612,-384.911668,-384.952233,29.398
QM9[54342],C#CC1(C(C)=O)COC1,3.1544,74.51,-0.251,-0.0282,0.2228,1114.5793,0.132487,-421.783692,-421.774215,-421.773271,-421.818893,33.591
QM9[3137],OC[C@]12CC[C@H]1N2,1.9189,60.28,-0.2503,0.0752,0.3255,749.7127,0.137977,-325.729141,-325.722403,-325.721459,-325.759976,25.253
QM9[110601],C[C@]12CN1[C@H]1[C@@H](CO)[C@H]12,1.8335,79.28,-0.2164,0.0685,0.2849,1283.9834,0.169993,-403.045801,-403.037022,-403.036078,-403.079198,33.944
QM9[9255],CC#CC[C@H](O)CC,1.2348,80.7,-0.2389,0.0549,0.2938,1648.5132,0.173795,-348.987938,-348.977311,-348.976367,-349.025167,36.253
QM9[119778],COCC1=C[C@@H](C)OC1,2.0858,83.18,-0.2262,0.0236,0.2498,1650.0938,0.180739,-424.221496,-424.211578,-424.210634,-424.257218,35.051
QM9[89986],C[C@H]1CC2(COC2)[C@H]1O,2.4462,77.53,-0.2446,0.0511,0.2957,1183.7112,0.181987,-424.190536,-424.18143,-424.180486,-424.224455,34.369
QM9[106611],O=C1[C@@H]2CO[C@@]1(CO)C2,2.5376,67.93,-0.2324,-0.0259,0.2065,1010.8539,0.136028,-458.942428,-458.934557,-458.933613,-458.974896,30.096
QM9[79745],C[C@H]1[C@H]2[C@H]3N[C@H]3C[C@@]12O,0.785,78.04,-0.228,0.072,0.2999,1042.219,0.171877,-403.109074,-403.100839,-403.099895,-403.141288,33.022
QM9[85597],[NH][C]1C[C@H](O)C(=O)CO1,2.1214,66.7,-0.2668,-0.0478,0.219,1132.4453,0.124209,-475.049859,-475.04178,-475.040836,-475.082844,30.209
QM9[45165],O=C1CN2C[C@@H]3[C@H]1[C@@H]3C2,3.116,74.2,-0.2116,-0.011,0.2005,914.5412,0.151749,-401.966523,-401.960103,-401.959159,-401.997187,26.973
QM9[93311],C#C[C@@H]1C(=O)CC[C@@H]1C,2.8013,81.07,-0.2363,-0.0239,0.2124,1157.3686,0.157889,-385.8952,-385.886112,-385.885168,-385.929114,34.24
QM9[116187],C[C@@]1(O)COC[C@H]1CO,2.7522,73.95,-0.2412,0.066,0.3072,1199.0797,0.181259,-461.35714,-461.347325,-461.346381,-461.391621,36.611
QM9[9920],OCCCC1(O)CC1,1.7889,71.68,-0.253,0.0745,0.3275,1433.2885,0.175151,-386.118906,-386.10943,-386.108486,-386.153483,34.498
QM9[29072],O=c1cccncc1O,2.6669,79.35,-0.236,-0.0859,0.1501,1053.2505,0.102488,-436.716036,-436.708841,-436.707897,-436.748031,27.258
QM9[69903],O=C[C@@]12N[C@@H]1[C@@H]1C[C@@]12O,3.0114,71.13,-0.2222,-0.0383,0.1839,1032.4933,0.12296,-437.80149,-437.793705,-437.792761,-437.833493,30.322
QM9[35323],N#C[C@@H]1C=CC2(CC2)N1,4.947,79.33,-0.2341,-0.0054,0.2287,1169.3986,0.137228,-380.863329,-380.855464,-380.85452,-380.896203,30.281
QM9[118581],CCO[C@@H](CC)CCO,1.905,86.58,-0.2446,0.0813,0.3259,1844.0781,0.225892,-426.62122,-426.609186,-426.608242,-426.659907,41.959
QM9[14708],CCO/C=N/CC=O,4.2606,71.44,-0.2408,-0.0204,0.2204,1800.4974,0.138585,-401.00215,-400.992554,-400.99161,-401.039057,31.372
QM9[57933],C[C]([NH])OC(=O)[C@@H](C)N,2.3105,73.93,-0.249,-0.0116,0.2375,1424.6944,0.156768,-456.381311,-456.370666,-456.369722,-456.418489,36.803
QM9[130418],N#Cc1nnc(CN)[nH]1,7.1967,72.26,-0.2681,-0.0466,0.2215,1296.9581,0.103655,-429.070439,-429.062543,-429.061599,-429.103434,28.296
QM9[84134],C[C@H]1N=C(N)OC12CC2,1.6089,77.02,-0.2171,0.0585,0.2756,1144.151,0.159831,-419.223211,-419.214622,-419.213678,-419.256549,33.373
QM9[24683],c1ccc2c(c1)CCC2,0.5263,89.31,-0.2278,0.0031,0.2309,1117.292,0.163918,-348.848025,-348.841156,-348.840212,-348.879112,28.297
QM9[38116],C1=C[C@]23CN2C=N[C@@H]3C1,1.7993,77.35,-0.2387,-0.0043,0.2343,915.7178,0.139277,-380.864055,-380.857595,-380.856651,-380.894644,26.655
QM9[77484],C[C@@]12C[C@@](C)(C1=O)[C@@H]2O,2.7683,76.38,-0.2295,0.0004,0.23,1110.3683,0.156645,-423.002089,-422.992533,-422.991589,-423.035908,35.345
QM9[119645],OCC[C@]12C[C@@H]3[C@H]1[C@@H]3C2,1.0763,81.8,-0.2437,0.08,0.3237,1356.427,0.18302,-387.034269,-387.025809,-387.024865,-387.067715,32.881
QM9[61125],C#CC/N=C(\N)CC#N,2.5477,76.92,-0.2543,0.0042,0.2585,1436.9965,0.122656,-396.911384,-396.90177,-396.900826,-396.946723,34.344
QM9[55273],CC(=O)[C@H]1CC[C@]1(C)O,2.3871,79.04,-0.2362,-0.01,0.2262,1196.6156,0.179454,-424.245072,-424.234957,-424.234013,-424.280093,37.485
QM9[8191],C[C@@]1(O)[C@H]2CC[C@]21C,1.1715,75.33,-0.2355,0.0748,0.3103,913.665,0.175742,-348.980097,-348.971577,-348.970632,-349.012048,33.315
QM9[46229],C#C[C@@H]1N[C@@]12CCC2=O,4.031,77.78,-0.2365,-0.0346,0.2019,1127.1617,0.122307,-400.687546,-400.679096,-400.678152,-400.720986,31.492
QM9[46495],O=C1C=CC2(CC2)CO1,5.2213,77.2,-0.2595,-0.0442,0.2152,1141.9221,0.13728,-421.858673,-421.851169,-421.850225,-421.890743,29.203
QM9[97301],C/N=C/N1C[C@@H](C)C1=O,4.5723,85.02,-0.2397,-0.0159,0.2237,1523.6896,0.157939,-419.232464,-419.222799,-419.221855,-419.267586,33.884
QM9[95306],C[C@H]1CO[C@@H]2C[C@H]1CO2,2.3816,76.45,-0.2485,0.0767,0.3252,1023.2772,0.185935,-424.248495,-424.240983,-424.240039,-424.280019,30.768
QM9[85198],C#CC[C@@H]1C(=O)O[C@@H]1C,4.183,73.91,-0.2637,0.007,0.2707,1283.0701,0.133904,-421.822727,-421.813629,-421.812685,-421.857179,32.871
QM9[107010],C[C@@H]1[C@H](O)[C@]2(CO)O[C@H]12,1.7878,71.42,-0.2462,0.0566,0.3028,1196.8294,0.157281,-460.118292,-460.108848,-460.107904,-460.152594,34.709
QM9[98099],COC(=O)[C]([NH])N1CC1,1.4696,72.71,-0.247,-0.0408,0.2062,1319.261,0.134853,-455.139001,-455.129735,-455.128791,-455.174235,32.129
QM9[43835],O=C1NC2(CC2)[C@H]2C[C@@H]12,3.8707,77.06,-0.228,0.0301,0.2581,1073.3101,0.14914,-401.966882,-401.959328,-401.958384,-401.998842,30.311
QM9[123369],C#CCNc1cnn[nH]1,5.353,72.39,-0.2213,0.0094,0.2307,1258.1647,0.11341,-412.934233,-412.926003,-412.925059,-412.968062,29.964
QM9[17900],O[C@@H]1[C@@H]2COC[C@H]1N2,3.4818,63.54,-0.2273,0.0611,0.2885,755.7439,0.144532,-400.958417,-400.951502,-400.950558,-400.989456,26.644
QM9[104749],CC[C@@]1(CO)C[C@H]1C#N,4.7785,79.95,-0.2776,0.0289,0.3065,1284.2832,0.16992,-403.153587,-403.143664,-403.14272,-403.188437,36.293
QM9[101690],CC1(C[C@@H](O)CO)CC1,2.4146,81.85,-0.253,0.0562,0.3092,1582.1057,0.204051,-425.411563,-425.401103,-425.400159,-425.447147,39.28
QM9[104350],OC[C@]1(O)CN=COC1,4.1378,68.05,-0.2438,0.0306,0.2744,1116.0564,0.148094,-476.222753,-476.214124,-476.21318,-476.255816,32.505
QM9[7659],CC1(C)[C@@H]2O[C@H]1[C@@H]2O,1.6731,68.26,-0.2417,0.0602,0.3019,877.0129,0.151896,-384.864244,-384.856206,-384.855262,-384.895942,31.13
QM9[109803],OC[C@H]1[C@@H](O)[C@H]1[C@H]1CN1,2.1239,74.84,-0.2271,0.0532,0.2803,1202.5947,0.172047,-440.224737,-440.215827,-440.214883,-440.258408,33.978
QM9[123502],c1cnn2nncc2n1,4.627,70.32,-0.2606,-0.1016,0.1591,868.2475,0.081569,-427.837715,-427.832212,-427.831268,-427.867595,21.611
QM9[114325],CO[C@H]1C[C@H]2[C@@H](O)[C@@]12C,2.5522,79.01,-0.2351,0.0745,0.3095,1173.4599,0.181332,-424.189715,-424.1803,-424.179356,-424.22347,35.636
QM9[104616],COC1(C[C@@H](C)O)CC1,1.4812,82.41,-0.2434,0.0726,0.316,1423.5658,0.202705,-425.402872,-425.392107,-425.391163,-425.438808,39.716
QM9[38781],C1[C@@H]2CN3[C@H]([C@@H]4O[C@H]14)[C@H]23,2.7446,72.91,-0.2292,0.067,0.2962,873.7888,0.151242,-401.887846,-401.881604,-401.88066,-401.91806,26.614
QM9[6196],CC1(C)COC(=O)O1,5.3093,60.5,-0.2871,0.0449,0.332,885.7893,0.129969,-420.943691,-420.93603,-420.935085,-420.975661,28.248
QM9[36919],C1=C[C@@H](CC2CC2)OC1,1.3827,85.29,-0.2282,0.0184,0.2465,1519.1034,0.182985,-387.079388,-387.070702,-387.069758,-387.113717,32.618
QM9[111931],CO[C@H]1[CH][C]2CN3[C@H]2[C@H]13,1.5513,80.41,-0.2145,-0.0381,0.1765,1096.6937,0.147473,-401.805608,-401.798039,-401.797094,-401.837716,29.471
QM9[123236],COCCOCCC=O,2.7754,78.93,-0.2549,-0.0265,0.2283,2703.0001,0.17844,-461.34516,-461.333832,-461.332888,-461.384165,36.865
QM9[29870],Cn1cnc(=O)c(O)c1,6.6819,73.09,-0.2207,-0.0266,0.1942,1122.2226,0.114572,-454.006984,-453.999341,-453.998397,-454.039289,28.487
QM9[70568],C[C@]12C[C@H]1CO[C@H]1C[C@H]12,1.3806,81.6,-0.2346,0.0875,0.3222,1051.3468,0.184178,-387.069099,-387.061335,-387.060391,-387.100679,32.232
QM9[37318],C1[C@H]2[C@H]3C[C@H]3[C@H]3C[C@H]3[C@@H]12,0.4122,83.59,-0.2396,0.067,0.3065,989.5322,0.186474,-349.921264,-349.914363,-349.913419,-349.951989,30.278
QM9[78],COC(N)=O,2.329,35.5,-0.2669,0.0575,0.3244,398.5908,0.079271,-284.385189,-284.379361,-284.378417,-284.414085,19.084
QM9[108739],CCC1=CC(=O)NC1=O,1.9768,73.89,-0.2652,-0.0871,0.1781,1229.5584,0.124728,-437.976162,-437.967766,-437.966822,-438.009712,30.555
QM9[65913],O=CC(=O)C1(O)CCC1,1.0525,69.03,-0.2467,-0.1065,0.1403,1102.6627,0.133541,-458.966212,-458.95735,-458.956405,-459.000275,32.384
QM9[8856],C[C@@H](CO)C(=O)C#N,3.7768,62.62,-0.2861,-0.0869,0.1992,1104.2885,0.116317,-399.814633,-399.805535,-399.80459,-399.848943,30.871
QM9[53677],CC#CCCCC#CC,0.282,98.09,-0.2362,0.0499,0.2861,2739.9691,0.178941,-349.918304,-349.906338,-349.905394,-349.959929,39.2
QM9[74957],CC1=C[C@H]2C[C@]1(C)CO2,1.8665,82.58,-0.229,0.0181,0.2471,1038.7054,0.183517,-387.10262,-387.094444,-387.093499,-387.134641,33.032
QM9[64051],CC1(C)CN=COC1=O,2.103,71.76,-0.2738,-0.0261,0.2477,1020.003,0.147316,-439.139308,-439.130737,-439.129793,-439.172173,32.248
QM9[76021],CN1[C@@H](C#N)[C@]1(C)C#N,2.4623,75.66,-0.276,-0.0252,0.2508,1161.9277,0.122327,-396.922255,-396.912833,-396.911888,-396.956376,33.249
QM9[117384],COCC(=O)CN1CC1,2.8985,76.96,-0.2304,-0.0156,0.2149,1613.8876,0.168266,-440.246394,-440.236396,-440.235452,-440.282749,34.945
QM9[39180],C1=CC[C]2[N]C[C@@H]2OC1,2.6466,78.73,-0.2382,-0.0042,0.234,1074.1185,0.149327,-401.922418,-401.914901,-401.913957,-401.95464,28.998
QM9[82405],C[C@@H]1C(=O)CC[C@@H]2N[C@@H]21,4.0437,78.31,-0.2338,-0.0068,0.227,1094.7954,0.172619,-403.162403,-403.154081,-403.153136,-403.195441,32.113
QM9[98897],COC(=O)C1CCCC1,1.5949,79.5,-0.2648,0.0181,0.2829,1465.1199,0.183521,-424.281442,-424.271956,-424.271012,-424.317955,33.609
QM9[32663],CCc1cncn1CC,4.0698,85.13,-0.2094,0.0342,0.2436,1264.0569,0.183816,-383.319596,-383.310208,-383.309264,-383.354222,34.34
QM9[34259],N#C[C@@]12C[C@H]3CCN1[C@H]32,5.3068,76.96,-0.2646,0.0123,0.2769,1039.9067,0.13888,-380.852516,-380.845625,-380.844681,-380.88373,27.547
QM9[21491],N=C(N)c1cnon1,0.9433,57.9,-0.2524,-0.0685,0.1839,885.6332,0.08507,-410.804788,-410.798016,-410.797072,-410.836353,24.586
QM9[96636],C/N=C(\C)N(C)C(N)=O,2.4842,81.54,-0.2285,0.0085,0.2369,1384.5774,0.169188,-436.507411,-436.496666,-436.495722,-436.544001,38.028
QM9[80543],C[C@@H]1[C@H]2[C@@H](O)[C@@H]1C[C@H]2C,1.2749,85.08,-0.2548,0.0792,0.334,1175.0539,0.206906,-388.280624,-388.271698,-388.270754,-388.313363,35.787
QM9[126827],CCn1ncncc1=O,1.852,74.52,-0.2471,-0.0806,0.1665,1089.4958,0.125859,-434.099306,-434.091449,-434.090505,-434.132248,28.808
QM9[58066],CC(C)C(N)(C#N)C#N,3.8799,76.35,-0.2933,-0.017,0.2763,1143.8904,0.145805,-398.146858,-398.136619,-398.135675,-398.181578,36.877
QM9[113793],CCN1C[C@H]1C1(C)CC1,1.2385,90.24,-0.2175,0.0857,0.3032,1422.7334,0.216281,-368.370279,-368.360235,-368.35929,-368.405346,38.256
QM9[102222],CC/C(=N\C)NC(N)=O,4.0314,80.71,-0.2375,0.0054,0.2429,1472.7028,0.169927,-436.526009,-436.51529,-436.514345,-436.563004,37.556
QM9[32929],CCOc1ccc(N)[nH]1,1.367,80.1,-0.1785,0.0575,0.2359,1431.6556,0.159435,-419.228916,-419.219363,-419.218418,-419.264297,34.714
QM9[72031],C[C@@]12C[C@H]3C[C@]1(O)[C@@H]2O3,0.627,73.46,-0.2159,0.0723,0.2882,958.9997,0.160405,-423.023726,-423.016124,-423.01518,-423.055158,31.117
QM9[31865],Nc1ccc(CO)nc1,1.5198,80.75,-0.2039,-0.0107,0.1932,1349.5025,0.137584,-418.060472,-418.051947,-418.051003,-418.094153,31.778
QM9[29338],C#Cc1c(C)c[nH]c1C,2.6316,89.54,-0.1948,0.02,0.2148,1216.877,0.146421,-364.838656,-364.829092,-364.828148,-364.872919,35.118
QM9[127359],Cn1cnc2n[nH]cc21,5.5761,73.92,-0.2126,-0.0026,0.21,1003.1946,0.116794,-413.01057,-413.003545,-413.002601,-413.042123,26.588
QM9[12314],CC1=C(C)COCC1,1.3987,78.5,-0.225,0.0303,0.2553,1022.7229,0.177139,-349.023283,-349.014779,-349.013835,-349.056,31.676
QM9[15240],CO[C@H]1[C@@H](C)[C@H]1C#N,4.0995,69.63,-0.2586,0.0299,0.2885,956.4259,0.140811,-363.855756,-363.846984,-363.846039,-363.889126,30.838
QM9[106212],CO[C@@]12C=C[C@H]3[C@@H]1N[C@H]32,1.4517,75.99,-0.2251,-0.0008,0.2243,974.3386,0.148218,-401.851956,-401.844622,-401.843678,-401.883646,29.526
QM9[130285],Nc1noc(OC=O)n1,3.282,59.67,-0.253,-0.0447,0.2083,1313.7217,0.077277,-505.95883,-505.951047,-505.950103,-505.992043,27.195
QM9[10186],CCN[C@H](C#N)CN,4.6825,73.13,-0.2341,0.0338,0.2678,1270.2382,0.165657,-361.241279,-361.231654,-361.23071,-361.276021,33.774
QM9[130551],C#CC(=O)c1cnon1,1.5797,65.11,-0.2966,-0.1041,0.1925,1123.4021,0.064475,-451.472341,-451.464969,-451.464025,-451.505048,25.843
QM9[51416],O=CN[C@H]1[C@@H]2C=C[C@H]1C2,3.5423,79.29,-0.2365,0.0031,0.2395,1211.4117,0.149475,-401.936423,-401.928872,-401.927927,-401.96912,29.522
QM9[17634],CC(=O)[C@@H](O)[C@H]1CO1,3.0999,61.11,-0.264,-0.0289,0.2351,954.1431,0.127853,-420.868579,-420.860135,-420.859191,-420.902184,29.866
QM9[114857],CO[C@@H]1[CH][C]2CC[C@@H]2C1,0.8515,87.26,-0.2283,0.0203,0.2486,1374.2486,0.183172,-387.06352,-387.055018,-387.054073,-387.096864,32.663
QM9[131748],[NH]C1=N[CH]C(CO)=NO1,5.3495,70.44,-0.254,-0.0941,0.1599,1242.9729,0.099835,-469.957579,-469.949401,-469.948456,-469.991847,28.862
QM9[7792],C[C@H]1CCOC(=O)N1,5.362,65.24,-0.2496,0.0546,0.3042,953.1751,0.144065,-401.058379,-401.05082,-401.049876,-401.090447,28.235
QM9[38515],C1[C@@H]2O[C]3[N][C@H]1[C@@H]1[C@H]2N31,4.0723,65.68,-0.2206,-0.0642,0.1565,699.6207,0.115328,-416.704754,-416.699584,-416.69864,-416.733866,23.075
QM9[32796],CCNc1ncoc1C,1.8468,80.7,-0.188,0.0151,0.2031,1457.8371,0.159395,-419.243142,-419.23371,-419.232765,-419.278437,33.416
QM9[48490],N#CC1(C=O)OCCO1,5.8247,62.39,-0.2812,-0.0614,0.2198,1027.7983,0.099237,-473.822841,-473.814457,-473.813513,-473.856898,28.755
QM9[115921],CC[C@H]1OC[C@H]2C[C@H]2O1,1.5789,78.62,-0.2465,0.0873,0.3337,1275.0967,0.183226,-424.220432,-424.211896,-424.210952,-424.253665,32.953
QM9[5398],COc1ccccc1,1.2422,75.11,-0.2155,0.0034,0.219,976.7483,0.132764,-346.664711,-346.657855,-346.656911,-346.695744,26.352
QM9[11915],C[C@H]1OCC2(CC2)O1,0.9993,68.37,-0.2454,0.0896,0.335,962.1671,0.153398,-384.931974,-384.924238,-384.923293,-384.964373,29.025
QM9[25614],O=COCc1ccoc1,4.0744,67.82,-0.2367,0.0021,0.2388,1392.6031,0.11262,-457.804053,-457.79602,-457.795076,-457.838675,28.05
QM9[56204],NC(=O)COC1CCC1,3.2054,75.81,-0.2332,0.0344,0.2676,1476.5355,0.170441,-440.300656,-440.291118,-440.290174,-440.336657,34.69
QM9[9122],CCC#CC(=O)CC,3.5498,79.98,-0.2517,-0.0422,0.2095,1650.9158,0.150747,-347.807845,-347.797844,-347.796899,-347.846483,33.437
QM9[87991],C[C@H]1N[C@@]12CC[C@]2(C)O,2.672,82.7,-0.2306,0.0655,0.2961,1211.9115,0.192531,-404.322538,-404.312713,-404.311769,-404.356584,37.652
QM9[49554],O=C[C@@H]1[C@@H]2C[C@H]1CCO2,3.5409,76.18,-0.2399,-0.024,0.2159,1150.8042,0.160795,-423.017431,-423.009731,-423.008787,-423.049958,29.805
QM9[18565],O=C1N[C@H]2COC[C@@H]12,3.813,60.85,-0.2489,0.027,0.2759,783.9955,0.121324,-399.823098,-399.816725,-399.815781,-399.853688,24.381
QM9[51682],O=CN[C@H]1CC=CC1=O,2.4255,72.26,-0.2556,-0.0604,0.1952,1195.0727,0.125101,-437.945979,-437.937941,-437.936997,-437.979418,29.233
QM9[110734],C[C@@]12C(=O)O[C@@H]1[C@@H]2CO,3.4447,68.58,-0.2685,-0.0026,0.266,1166.9349,0.134457,-458.955934,-458.947063,-458.946119,-458.989926,32.122
QM9[15772],C#CC[C@H](C)[C@H]1CO1,1.7879,73.8,-0.2608,0.0535,0.3143,1215.0367,0.151227,-347.75176,-347.742825,-347.741881,-347.785538,32.363
QM9[77085],CC1(C)O[C@@H](C=O)[C@H]1O,4.2562,72.18,-0.2422,-0.0289,0.2133,1221.7723,0.15499,-460.156064,-460.146027,-460.145083,-460.191325,36.067
QM9[122704],C#CC/N=C/OCCC,2.8133,84.98,-0.2463,0.0246,0.2709,1933.1592,0.167678,-403.110529,-403.099843,-403.098899,-403.147794,37.232
QM9[105281],CC[C@@]1(C#N)N[C@H]1C=O,2.5606,75.6,-0.2693,-0.0557,0.2136,1312.6151,0.134101,-418.004833,-417.995397,-417.994452,-418.039707,33.244
QM9[46628],O=C1CO[C]2[N]CC[C@H]21,1.6763,69.79,-0.2507,-0.0434,0.2073,1039.2643,0.1262,-437.9173,-437.910212,-437.909268,-437.949128,27.073
QM9[107941],CC[C@]12C[C@@H]3N1[C@]3(C)C2,1.5658,85.97,-0.2346,0.0769,0.3115,1245.2931,0.194199,-367.176346,-367.167523,-367.166579,-367.209492,34.484
QM9[57800],C[C@@H](O)C#CCC(N)=O,2.9513,78.32,-0.2422,0.0245,0.2667,1886.2033,0.145057,-439.09345,-439.082753,-439.081809,-439.131403,37.222
QM9[89055],C[C@H]1C[C@H]1OC[C@H]1CN1,1.5127,83.08,-0.2392,0.0751,0.3143,1500.3217,0.193395,-404.29273,-404.28301,-404.282066,-404.328589,35.662
QM9[123901],C1CNc2[nH]nnc2C1,5.1278,73.95,-0.2109,0.0126,0.2235,1042.2764,0.140906,-414.197414,-414.190489,-414.189545,-414.228661,27.607
QM9[126162],CC[C@@H](C)n1nccn1,0.7613,81.4,-0.2539,0.0043,0.2581,1348.9691,0.17226,-399.34778,-399.338721,-399.337777,-399.382647,32.8
QM9[1940],C#C[C@H]1CC(=O)N1,3.3428,57.29,-0.2543,0.0197,0.274,768.6877,0.089343,-323.360126,-323.353484,-323.35254,-323.390922,24.013
QM9[49953],N#CC1(C#N)O[C@@H]1C=O,1.9732,62.77,-0.3031,-0.0962,0.2069,1140.5023,0.062899,-451.525145,-451.516862,-451.515918,-451.558787,28.058
QM9[10984],C[C@@]12C[C@@H](CO1)[C@H]2O,2.7331,67.44,-0.2309,0.0702,0.3011,803.229,0.154186,-384.922303,-384.914956,-384.914012,-384.953252,29.141
QM9[65381],C[C@@]1(C=O)N[C@H]1[C@H]1CO1,0.8964,75.11,-0.2619,-0.0353,0.2265,1366.2315,0.145333,-439.046203,-439.037027,-439.036083,-439.080897,32.88
QM9[92779],C[C@H]1CC=C(C=O)[C@H]1C,3.3104,86.81,-0.2465,-0.0532,0.1933,1297.8063,0.182162,-387.129288,-387.120081,-387.119137,-387.163054,34.787
QM9[116985],C#CC#CC(=O)CCC,2.8294,95.24,-0.2616,-0.0766,0.185,2088.599,0.131933,-384.65821,-384.647897,-384.646953,-384.695012,35.621
QM9[124566],CC(C)Cc1ncn[nH]1,2.9467,80.28,-0.2542,0.0147,0.269,1429.301,0.172502,-399.371811,-399.362711,-399.361767,-399.406898,33.117
QM9[11782],O=C[C@]12CC[C@H](C1)O2,2.6241,64.37,-0.2563,-0.0382,0.218,840.8916,0.130998,-383.726978,-383.72018,-383.719236,-383.758299,25.831
QM9[48357],N#CC(=O)[C@]1(C=O)CN1,2.7865,65.08,-0.2873,-0.101,0.1863,1116.5766,0.087495,-452.738888,-452.730413,-452.729468,-452.772822,29.139
QM9[36387],C#CC[C@@H]1O[C@@H]1CC#C,2.0567,81.24,-0.2617,0.0425,0.3043,1686.8708,0.132029,-384.595845,-384.586183,-384.585238,-384.631437,34.745
QM9[22954],O=CO[C@@H]1CC/C1=N\O,4.0523,71.25,-0.263,-0.0219,0.2411,1393.7954,0.122014,-474.983798,-474.974781,-474.973837,-475.019415,31.379
QM9[73760],CC1=C(C)C(=O)C(=O)C1,5.5698,78.97,-0.227,-0.0848,0.1422,1196.9668,0.133882,-421.888078,-421.878873,-421.877929,-421.922746,32.586
QM9[13777],CC(C)[C@H]1N[C@H]1C=O,3.1313,73.07,-0.2479,-0.0266,0.2213,1160.0386,0.163658,-365.053346,-365.044308,-365.043363,-365.087311,32.604
QM9[100360],C[C@@](C#N)(CN)O[CH][NH],3.1604,75.11,-0.2541,0.006,0.2602,1233.74,0.145671,-435.265051,-435.254798,-435.253854,-435.300356,36.178
QM9[89587],OC1CC2(CCCC2)C1,1.5854,84.64,-0.2536,0.0729,0.3266,1359.3518,0.207243,-388.297156,-388.288233,-388.287289,-388.331875,34.718
QM9[49421],O=C[C@H]1[C@H]2[C@H]3C[C@@H]1C[C@H]32,2.5252,77.46,-0.2443,-0.0192,0.2251,990.1299,0.16199,-385.911889,-385.904951,-385.904007,-385.943417,28.156
QM9[6063],C/C(N)=N/CC(=O)O,7.5854,64.74,-0.2455,0.0078,0.2533,1267.4784,0.129228,-417.111817,-417.102873,-417.101929,-417.146017,31.4
QM9[74558],C#C[C@@H]1[C@@H]2C=C(C)CN21,1.5859,83.35,-0.2142,0.0094,0.2236,1073.6716,0.146941,-364.763299,-364.754996,-364.754051,-364.795936,32.196
QM9[99562],C#C[C@H](N)[C@H](C#N)OC,2.9467,75.04,-0.2576,0.0065,0.2641,1269.8073,0.133298,-417.957315,-417.947071,-417.946127,-417.99281,35.897
QM9[55805],NC(=O)CN1[C@H]2C[C@@H]1C2,3.9727,77.26,-0.2279,0.042,0.2699,1313.7097,0.159992,-419.161914,-419.153585,-419.152641,-419.195745,31.916
QM9[80410],C[C@@H]1C(=O)[C@@]2(C)C[C@@H]1O2,2.591,75.1,-0.227,-0.0161,0.2109,1042.7657,0.158398,-423.034435,-423.025948,-423.025004,-423.067185,32.525
QM9[96503],C[C@H]1CCOCCC1=O,1.9782,78.59,-0.2366,-0.0111,0.2254,1207.7933,0.183284,-424.252324,-424.243416,-424.242472,-424.28593,33.766
QM9[1541],CCC[C@@H](N)C#N,2.9389,65.32,-0.2685,0.0292,0.2977,1073.8323,0.148373,-305.915175,-305.906665,-305.905721,-305.948239,29.747
QM9[28540],Nc1ncc(O)cc1O,3.9539,73.98,-0.1855,-0.0063,0.1791,1144.6832,0.113794,-454.005099,-453.997053,-453.996109,-454.037119,31.434
QM9[45830],O=C1OC=N[C@H]2CO[C@@H]12,2.9786,62.47,-0.2712,-0.0475,0.2237,929.0126,0.102557,-473.832158,-473.825324,-473.82438,-473.864096,25.202
QM9[93178],C[C@H]1CNC([NH])=C([NH])O1,4.8141,76.48,-0.2288,-0.029,0.1998,1182.3276,0.149659,-435.294285,-435.285887,-435.284943,-435.327452,31.848
QM9[95838],C#C[C@@H]1CCO[C@@H](C)C1,0.8426,83.92,-0.2413,0.0512,0.2925,1228.123,0.182634,-387.075477,-387.066506,-387.065562,-387.108768,34.999
QM9[19629],C1[C@@H]2N3[C@H]1[C@@H]3[C@]21CO1,3.0236,63.96,-0.2452,0.0711,0.3163,748.3617,0.120064,-362.569059,-362.563205,-362.562261,-362.598783,23.594
QM9[39845],C1N[C@@]12[C@H]1N[C@H]1[C@H]1O[C@H]12,2.0182,71.46,-0.2375,0.0603,0.2978,948.5854,0.138028,-417.924756,-417.917986,-417.917042,-417.955758,27.708
QM9[37717],C1=C[C@]23CN4[C@H]2[C@H](C1)[C@@H]43,1.9581,79.87,-0.224,0.0069,0.2309,897.1978,0.150531,-364.716456,-364.710356,-364.709412,-364.746441,26.531
QM9[99163],CCC(=O)CC1COC1,3.3837,78.89,-0.2412,-0.0155,0.2256,1715.4784,0.180449,-424.228724,-424.218596,-424.217652,-424.265821,35.011
QM9[54874],C1=CNC=NC1.O=C=O,2.843,66.75,-0.2,0.008,0.208,1725.5663,0.111921,-454.014104,-454.004573,-454.003629,-454.054696,30.234
QM9[83735],C[C@@H]1[C@H]2[C@@H]1COC21CC1,1.3875,82.49,-0.2236,0.0804,0.304,1080.8789,0.183314,-387.070486,-387.062287,-387.061343,-387.1029,32.785
QM9[105813],CN1[C@H]2[C@H]3N[C@H]3[C@]21CO,1.9184,75.59,-0.204,0.0553,0.2593,1097.5705,0.158199,-419.081568,-419.072835,-419.071891,-419.11507,33.241
QM9[98631],O=C(CO)[C@H]1[C@H]2CO[C@H]21,4.0897,70.29,-0.247,-0.0274,0.2196,1256.8811,0.134854,-458.92226,-458.914023,-458.913079,-458.955815,30.473
QM9[117916],N#CC(=O)[C@H](O)CCO,2.8776,67.99,-0.2778,-0.1024,0.1754,1479.9927,0.121142,-475.028162,-475.018096,-475.017152,-475.064244,34.244
QM9[97833],O=C1CC[C@@H]1C#CCO,2.3133,80.02,-0.2386,-0.0272,0.2114,1780.0842,0.133857,-421.795798,-421.786261,-421.785317,-421.832609,33.096
QM9[23087],O/N=C1\[C@@H]2N[C@@H]3[C@H]1[C@]23O,3.0891,69.49,-0.2233,0.0185,0.2418,1062.1568,0.112347,-453.803915,-453.796379,-453.795435,-453.835791,29.576
QM9[57534],CC(C)(O)CC1CCC1,1.2241,89.22,-0.2552,0.063,0.3182,1551.5427,0.227095,-389.491132,-389.48056,-389.479616,-389.526731,40.324
QM9[131083],O=COCc1ncn[nH]1,1.7844,63.89,-0.2732,-0.0158,0.2574,1352.6463,0.102507,-470.043713,-470.035875,-470.034931,-470.07825,26.659
QM9[30136],C[C@H]1N[C@H]1c1ccoc1,2.0028,78.13,-0.2157,0.0215,0.2372,1236.7633,0.149025,-401.951195,-401.943167,-401.942223,-401.984322,30.423
QM9[40643],C1CC1[C@@H]1[C@@H]2COC[C@@H]21,1.4256,82.53,-0.2435,0.0824,0.3259,1209.0817,0.184738,-387.064842,-387.056875,-387.055931,-387.097666,31.278
QM9[4201],O/N=C1\[C@@H]2C[C@H]1CO2,1.5306,65.07,-0.2407,0.0057,0.2464,850.8724,0.119802,-399.716892,-399.710318,-399.709374,-399.747567,25.602
QM9[95705],C[C@H]1CO[C]([NH])CCO1,2.5186,77.48,-0.2541,0.0269,0.281,1247.0097,0.171918,-440.299482,-440.290855,-440.289911,-440.332862,32.951
QM9[64317],CC1(C)CCC=CCO1,1.1743,87.06,-0.2355,0.028,0.2636,1178.4392,0.205858,-388.300553,-388.291378,-388.290434,-388.333665,36.512
QM9[101956],OC[C@@H]([C@H]1CN1)N1CC1,3.8005,79.08,-0.2453,0.0677,0.313,1291.9711,0.18288,-420.334489,-420.325259,-420.324315,-420.36884,34.491
QM9[37983],C1CO[C@H]2[C@@H]3C[C@H]2N3C1,0.5537,79.36,-0.2053,0.0887,0.2941,1003.4255,0.173878,-403.068292,-403.061357,-403.060413,-403.099334,29.057
QM9[122172],CCOC[C@@]1(O)C[C@H]1C,1.9152,84.12,-0.239,0.0819,0.321,1721.9414,0.20286,-425.409181,-425.398313,-425.397368,-425.445711,39.433
QM9[64184],CC1(C)CC[C@]1(C)C=O,2.6158,85.56,-0.2427,-0.0208,0.2219,1170.7062,0.203036,-388.302895,-388.292729,-388.291785,-388.337277,38.8
QM9[121507],CCO/C=N/CCC#N,5.6708,83.44,-0.2644,0.0047,0.2691,2444.7427,0.157195,-419.223438,-419.21294,-419.211996,-419.261128,35.176
QM9[130019],Nc1nc2nocc2[nH]1,7.059,67.71,-0.2274,-0.0119,0.2154,1025.1771,0.092629,-448.926054,-448.919452,-448.918508,-448.956751,26.127
QM9[15506],[NH][CH]N1CCCC1=O,5.3313,68.32,-0.2352,-0.0135,0.2217,930.8925,0.132345,-379.965709,-379.958235,-379.957291,-379.99794,26.889
QM9[82272],C[C@@H]1C(C=O)=CN2C[C@H]12,2.7091,80.96,-0.2384,-0.0549,0.1834,1128.5469,0.148176,-401.94672,-401.938682,-401.937738,-401.979227,30.631
QM9[86794],N#CC[C@@H]1C[C@H](O)[C@@H]1O,4.4211,72.06,-0.2637,0.0338,0.2975,1382.2504,0.146977,-439.084645,-439.075353,-439.074408,-439.11945,33.68
QM9[93710],C#C[C@@]1(C)CC[C@H](C)C1,0.5234,90.93,-0.2553,0.0595,0.3148,1300.1517,0.204882,-351.149132,-351.139159,-351.138215,-351.184526,38.192
QM9[12713],C[C@]12CO[C@H]1CC2=O,1.9972,64.62,-0.2447,-0.0278,0.2169,821.7343,0.129278,-383.726087,-383.718628,-383.717684,-383.757858,27.598
QM9[34791],C#C[C@H]1N2CC1(C#N)C2,2.2071,77.16,-0.2633,-0.0052,0.2581,1079.6523,0.112779,-379.56346,-379.555826,-379.554881,-379.595694,29.219
QM9[84533],C[C@H]1C=C[C@H]2[C@@H]1N2C=O,3.7279,77.72,-0.2471,-0.008,0.239,1109.5082,0.147865,-401.952698,-401.944636,-401.943692,-401.985428,30.484
QM9[78814],O[C@H]1[C@@H]2[C@H]3[C@@H]2[C@H](O)[C@@]13O,1.5247,66.98,-0.2443,0.068,0.3123,955.2357,0.135635,-458.903685,-458.89592,-458.894976,-458.935349,31.381
QM9[76420],C#CC[C@@]1(C)[C@H](O)[C@@H]1O,2.3589,77.24,-0.2328,0.0437,0.2765,1307.4048,0.155557,-422.96581,-422.955603,-422.954659,-423.00079,37.734
QM9[126960],CCNc1n[nH]nc1N,1.1973,76.04,-0.1899,0.0198,0.2097,1415.4599,0.149464,-431.447725,-431.438276,-431.437331,-431.482572,33.592
QM9[13644],C#CC#C[C@@H]1C[C@@H]1C,1.5768,89.61,-0.2276,-0.0109,0.2167,1350.5081,0.128596,-309.409234,-309.400719,-309.399774,-309.442354,31.304
QM9[8324],O=C1CC2(CCC2)N1,3.8865,69.24,-0.2466,0.0381,0.2847,988.4671,0.142932,-363.879177,-363.871924,-363.870979,-363.910848,27.91
QM9[27210],Nc1ncn2c1C=CC2,2.7804,81.94,-0.1731,-0.0109,0.1623,1041.3506,0.128211,-396.973335,-396.966233,-396.965289,-397.00465,27.959
QM9[88257],CC(=O)C(=O)[C@@H]1C[C@@H]1C,0.8695,78.44,-0.2353,-0.0784,0.1569,1360.23,0.156378,-423.056136,-423.046235,-423.045291,-423.091865,35.223
QM9[91316],CC1(C)CN2C[C@@H](O)[C@H]21,1.4896,81.68,-0.2093,0.0539,0.2632,1141.273,0.193651,-404.300034,-404.290847,-404.289903,-404.333738,35.777
QM9[24550],c1ncc2cncc-2o1,2.6038,74.24,-0.2198,-0.091,0.1288,925.6972,0.093015,-415.63823,-415.632332,-415.631388,-415.668456,23.26
QM9[90252],O[C@H]1C[C@]23CO[C@@H]2[C@H]1O3,1.3591,68.17,-0.2543,0.0167,0.271,979.504,0.13612,-458.817136,-458.810189,-458.809245,-458.848164,28.731
QM9[97567],CCC#C[C@@H](N)C(N)=O,4.1619,81.7,-0.2324,0.0248,0.2571,1782.3207,0.158079,-419.212815,-419.20198,-419.201036,-419.250653,37.863
QM9[12181],O=C[C@@H]1NC(=O)[C@H]1O,3.3966,56.64,-0.2573,-0.0443,0.213,930.6262,0.093908,-435.750324,-435.742512,-435.741568,-435.783072,27.091
QM9[125364],Cc1c[nH]c2cnoc12,4.7073,74.48,-0.2149,-0.0101,0.2048,1030.3178,0.1149,-416.815007,-416.807736,-416.806792,-416.846693,27.603
QM9[94242],C[C@H]1OC[C@]1(C)OC=O,3.0903,72.74,-0.2636,-0.001,0.2626,1309.3907,0.156245,-460.170532,-460.160953,-460.160009,-460.205121,34.439
QM9[97966],CC(C)CCC#CCO,1.2705,92.99,-0.2398,0.0378,0.2776,2536.5072,0.202573,-388.264986,-388.253184,-388.25224,-388.30453,40.82
QM9[111266],CN[C@@H]1C(=O)[C@]2(C)N[C@H]12,4.3139,77.56,-0.2161,-0.0169,0.1992,1263.9886,0.158287,-419.167475,-419.158149,-419.157205,-419.201729,34.01
QM9[97168],C#CC1=CCO/C1=N\C,2.5814,85.37,-0.2335,-0.0454,0.1881,1226.1141,0.122947,-400.736315,-400.727515,-400.72657,-400.770925,31.453
QM9[54741],CC(=O)[C@H]1[C@H]2C(=O)CN21,3.2248,70.09,-0.2516,-0.0408,0.2108,1090.3685,0.12214,-437.866166,-437.857743,-437.856798,-437.900619,30.383
QM9[46096],C#CCC1=CC(=O)CC1,3.5924,82.31,-0.2359,-0.0435,0.1924,1408.8032,0.134908,-384.699448,-384.690781,-384.689837,-384.733707,31.823
QM9[63918],CC1(C)O[C@H]2C[C@@H]3[C@H]2[C@@H]31,1.4595,80.83,-0.2338,0.0872,0.321,1006.6955,0.183071,-387.073368,-387.065453,-387.064509,-387.105094,32.602
QM9[108340],CC[C@]12OC[C@H]1N1C[C@H]12,0.7909,77.36,-0.2281,0.0561,0.2842,1066.4029,0.171089,-403.072153,-403.06409,-403.063146,-403.104665,31.746
QM9[3935],Oc1cnncn1,3.2241,50.29,-0.2453,-0.0655,0.1798,581.2202,0.069261,-355.513035,-355.508016,-355.507072,-355.541787,18.491
QM9[7260],C[C@@H](O)C(=N)NC=O,3.6601,63.56,-0.2501,-0.0239,0.2261,1113.5659,0.13001,-417.092283,-417.083671,-417.082727,-417.125851,30.659
QM9[64849],C#C[C@]1(C)C[C@H](C#N)N1,4.822,79.79,-0.2601,0.0019,0.262,1305.4566,0.13461,-380.82623,-380.817246,-380.816301,-380.859929,33.672
QM9[5265],OCCc1cc[nH]c1,2.5457,70.67,-0.2017,0.0484,0.2501,1219.7543,0.143562,-363.892741,-363.884709,-363.883765,-363.925918,29.297
QM9[20959],CCOc1cn[nH]n1,1.4479,63.41,-0.2312,0.0026,0.2338,1113.1949,0.120431,-395.980664,-395.973179,-395.972235,-396.013071,26.446
QM9[118980],CCC[C@]1(C)C=CCC1,0.0845,94.4,-0.2345,0.0278,0.2623,1485.8905,0.228916,-352.380714,-352.370619,-352.369674,-352.415786,38.472
QM9[19496],C#C[C@@H]1[C@@H]2COC[C@@H]21,1.915,70.1,-0.2409,0.0494,0.2904,810.927,0.13114,-346.558255,-346.551216,-346.550272,-346.589385,27.007
QM9[29471],Oc1c[nH]c2c1C=CC2,1.8739,78.04,-0.1807,0.0083,0.189,1064.3719,0.126344,-400.780833,-400.773335,-400.77239,-400.812442,29.539
QM9[91050],O[C@H]1C[C@H]2[C@H]3N[C@H]3[C@@]12O,2.6059,70.24,-0.224,0.0589,0.2829,941.532,0.148129,-439.007713,-439.000122,-438.999178,-439.039185,31.158
QM9[102754],CCN(C=O)C[C@H]1CO1,2.5388,77.44,-0.2412,0.0279,0.2691,1418.1467,0.169761,-440.286551,-440.276714,-440.27577,-440.322882,34.528
QM9[80144],C[C@]12COC=N[C@H]1[C@H]2O,2.7104,71.96,-0.2339,0.0084,0.2422,979.6002,0.148383,-439.075797,-439.067695,-439.066751,-439.107904,31.486
QM9[106478],CNC12CN(CC1=O)C2,2.4077,75.27,-0.2082,-0.0128,0.1954,1054.8954,0.160837,-419.17319,-419.165171,-419.164227,-419.205607,31.299
QM9[52480],CC#CC#C[C@@]1(C)CN1,1.7875,104.24,-0.2205,-0.0105,0.2099,2126.6677,0.14544,-364.751431,-364.741147,-364.740203,-364.78917,35.675
QM9[6994],C[C@H]1CC(=O)C1(C)C,2.7778,75,-0.2321,-0.0135,0.2186,975.7708,0.174603,-349.027741,-349.018577,-349.017633,-349.061064,34.053
QM9[82804],C[C@@H]1[C@@H]2[C@H]3C[C@H](C3)O[C@@H]21,1.2908,81.11,-0.2302,0.0802,0.3104,1003.3552,0.185387,-387.053265,-387.045913,-387.044969,-387.084605,30.758
QM9[89720],CC1=C[C@@H](O)CC12CC2,2.0926,85.47,-0.2276,0.017,0.2446,1204.0896,0.182523,-387.09546,-387.086487,-387.085543,-387.128989,35.001
QM9[47825],O=C1OCCC[C@H]2N[C@@H]12,4.6509,72.47,-0.2515,0.0002,0.2518,1069.5432,0.150184,-439.093259,-439.085555,-439.084611,-439.126013,29.439
QM9[67110],C[C@@]12[C@H]3OC[C@@]14CN2[C@@H]34,1.5078,75.11,-0.2284,0.0821,0.3105,879.6579,0.148682,-401.828641,-401.821769,-401.820825,-401.859449,28.286
QM9[53544],CC#CC[C@@]1(C#N)CO1,3.4443,77.88,-0.2588,0.0024,0.2612,1444.8871,0.121422,-400.710787,-400.701019,-400.700075,-400.748233,33.084
QM9[102488],COC(=O)[C@H](CO)OC,1.9617,69.38,-0.2604,0.0041,0.2645,1416.2346,0.156327,-497.31154,-497.300869,-497.299925,-497.348207,36.234
QM9[56071],NC(=O)O/C=N/CC=O,4.5137,68.5,-0.2497,-0.0259,0.2238,1954.0548,0.109132,-491.128729,-491.118639,-491.117695,-491.166484,32.792
QM9[59662],C[C@@H](O)[C@H]1OCC1(C)C,1.136,81.62,-0.2408,0.0639,0.3047,1298.3445,0.203157,-425.416564,-425.406026,-425.405082,-425.451877,39.281
QM9[22023],Nc1c[nH]nc/c1=N\O,3.3343,79.18,-0.1706,-0.0168,0.1538,1115.1923,0.114613,-450.08668,-450.078628,-450.077684,-450.118874,31.125
QM9[37850],C1[C@H]2[C@@H]3O[C@H]2[C@H]2O[C@@H]3[C@@H]12,3.0809,68.54,-0.2265,0.039,0.2656,774.6306,0.140299,-421.779917,-421.774673,-421.773729,-421.80921,23.713
QM9[10718],NCC1(C(=O)O)CC1,6.1164,64.49,-0.2502,0.0287,0.2789,923.1943,0.143464,-401.025499,-401.017714,-401.01677,-401.057573,29.475
QM9[30269],O[C@@H]1Cc2nccn2C1,2.787,73.8,-0.2184,0.0312,0.2497,1045.2449,0.13958,-418.051839,-418.044699,-418.043755,-418.083507,28.027
QM9[59529],CC(C)N1CC2(CO2)C1,2.2693,84.33,-0.2151,0.0779,0.293,1488.0991,0.192332,-404.303477,-404.294002,-404.293058,-404.337683,35.898
QM9[47027],O=C1C=C2NC[C@@H]2CO1,6.5115,73.94,-0.2286,-0.019,0.2097,1084.8143,0.127008,-437.905822,-437.898795,-437.897851,-437.937282,27.491
QM9[41308],C1[C@H]2O[C@@]34CC[C@]23C[C@H]14,1.5797,77.29,-0.2204,0.0751,0.2955,862.3567,0.162126,-385.798617,-385.792418,-385.791474,-385.828593,27.46
QM9[96769],C/N=C1\[C@@H](O)[C@H]2[C@@H](C)N12,2.6537,78.32,-0.2314,0.0033,0.2347,1125.755,0.15803,-419.154896,-419.145644,-419.1447,-419.188596,34.285
QM9[34525],N#C[C]1[N][C@H]2C[C@H](C2)O1,5.599,71.51,-0.275,-0.0539,0.2211,1038.8608,0.115227,-416.807977,-416.801282,-416.800338,-416.83911,26.285
QM9[43037],N#C[C@@]12C(=O)[C@H]3N[C@@H]1[C@H]32,6.0601,68.15,-0.2531,-0.0269,0.2262,956.0456,0.090067,-415.555544,-415.54875,-415.547806,-415.5869,25.931
QM9[1275],CCCCC(C)=O,2.5767,68.54,-0.2413,-0.0069,0.2344,1271.3575,0.168818,-310.954514,-310.945247,-310.944303,-310.989533,31.44
QM9[90385],C[C@H]1C[C@H]2[C@@H](C#N)[C@@]12O,3.2358,76.29,-0.2654,0.0289,0.2943,1077.1528,0.146993,-401.935357,-401.926621,-401.925677,-401.968339,33.161
QM9[70435],O[C@]12C[C@H]1NC21COC1,2.5502,71.18,-0.2176,0.056,0.2736,1040.0929,0.147339,-438.999946,-438.991944,-438.991,-439.03251,31.033
QM9[4068],COC1CC(=NO)C1,1.3596,69.84,-0.2423,0.0063,0.2485,1260.0502,0.14004,-400.9337,-400.925175,-400.924231,-400.96708,30.669